user_id,date,time_at_home_hours,num_places_visited,location_entropy,total_distance_km,is_imputed,f_loc:home_hours,f_loc:entropy
u01,2026-02-14,16.9,1,1.11,2.48,False,16.9,1.11
u01,2026-02-15,18.1,2,1.08,5.57,False,18.1,1.08
u01,2026-02-16,14.6,6,1.13,9.52,False,14.6,1.13
u01,2026-02-17,13.0,3,1.32,5.67,False,13.0,1.32
u01,2026-02-18,15.8,4,1.39,6.34,False,15.8,1.39
u01,2026-02-19,13.3,4,1.18,7.9,False,13.3,1.18
u01,2026-02-20,16.3,3,1.11,7.08,False,16.3,1.11
u01,2026-02-21,15.7,2,1.35,3.05,False,15.7,1.35
u01,2026-02-22,15.9,3,0.97,6.4,False,15.9,0.97
u01,2026-02-23,11.2,5,1.13,8.87,False,11.2,1.13
u01,2026-02-24,15.1,5,1.05,8.25,False,15.1,1.05
u01,2026-02-25,12.6,5,1.24,8.6,False,12.6,1.24
u01,2026-02-26,12.8,6,1.39,11.98,False,12.8,1.39
u01,2026-02-27,15.4,6,0.89,11.23,True,15.4,0.89
u01,2026-02-28,20.6,3,0.83,5.32,True,20.6,0.83
u01,2026-03-01,16.9,1,0.91,1.63,False,16.9,0.91
u01,2026-03-02,16.0,4,0.87,6.57,False,16.0,0.87
u01,2026-03-03,14.8,4,0.97,7.87,False,14.8,0.97
u01,2026-03-04,14.0,4,1.32,9.4,False,14.0,1.32
u01,2026-03-05,12.2,4,1.29,7.04,True,12.2,1.29
u01,2026-03-06,11.9,4,1.31,6.15,False,11.9,1.31
u01,2026-03-07,18.1,3,1.13,5.8,False,18.1,1.13
u01,2026-03-08,18.2,1,1.1,2.35,False,18.2,1.1
u01,2026-03-09,12.9,5,1.31,10.11,False,12.9,1.31
u01,2026-03-10,12.5,4,1.56,5.97,False,12.5,1.56
u01,2026-03-11,12.0,5,1.38,9.31,False,12.0,1.38
u01,2026-03-12,14.5,5,0.75,8.14,False,14.5,0.75
u01,2026-03-13,15.0,6,1.25,12.21,False,15.0,1.25
u01,2026-03-14,19.1,4,1.15,7.98,False,19.1,1.15
u01,2026-03-15,18.9,4,1.08,7.01,True,18.9,1.08
u01,2026-03-16,13.2,6,1.14,9.57,False,13.2,1.14
u01,2026-03-17,16.4,4,0.94,9.15,False,16.4,0.94
u01,2026-03-18,12.5,3,1.27,5.26,False,12.5,1.27
u01,2026-03-19,14.8,3,1.27,6.33,False,14.8,1.27
u01,2026-03-20,13.4,6,1.36,8.85,False,13.4,1.36
u01,2026-03-21,16.3,4,0.82,7.34,False,16.3,0.82
u01,2026-03-22,17.0,1,1.13,2.6,False,17.0,1.13
u01,2026-03-23,14.8,3,1.37,3.2,False,14.8,1.37
u01,2026-03-24,15.6,6,1.26,11.09,False,15.6,1.26
u01,2026-03-25,14.5,6,1.58,12.11,False,14.5,1.58
u01,2026-03-26,9.6,4,1.27,5.7,False,9.6,1.27
u01,2026-03-27,15.1,3,0.97,5.27,False,15.1,0.97
u01,2026-03-28,14.8,2,1.31,3.25,False,14.8,1.31
u01,2026-03-29,20.9,2,1.16,2.96,False,20.9,1.16
u01,2026-03-30,14.3,3,1.03,4.77,False,14.3,1.03
u01,2026-03-31,14.2,5,1.2,8.09,True,14.2,1.2
u01,2026-04-01,15.5,5,1.18,8.22,False,15.5,1.18
u01,2026-04-02,13.6,4,1.28,7.14,False,13.6,1.28
u01,2026-04-03,13.6,6,1.41,10.88,False,13.6,1.41
u01,2026-04-04,17.4,4,1.43,5.84,False,17.4,1.43
u01,2026-04-05,18.2,4,0.94,6.59,False,18.2,0.94
u01,2026-04-06,14.1,4,1.15,7.3,False,14.1,1.15
u01,2026-04-07,14.3,4,0.95,8.42,False,14.3,0.95
u01,2026-04-08,9.0,4,1.52,8.43,False,9.0,1.52
u01,2026-04-09,13.8,3,1.03,5.37,False,13.8,1.03
u01,2026-04-10,11.6,6,1.32,10.92,False,11.6,1.32
u01,2026-04-11,22.1,3,0.95,3.96,False,22.1,0.95
u01,2026-04-12,19.2,2,1.2,3.68,False,19.2,1.2
u01,2026-04-13,15.4,5,1.14,7.09,False,15.4,1.14
u01,2026-04-14,14.7,3,1.1,5.01,True,14.7,1.1
u01,2026-04-15,15.0,6,1.06,9.47,False,15.0,1.06
u01,2026-04-16,12.6,6,1.41,10.03,False,12.6,1.41
u01,2026-04-17,15.2,6,1.1,10.94,False,15.2,1.1
u01,2026-04-18,19.3,1,1.0,2.01,True,19.3,1.0
u01,2026-04-19,18.3,4,1.15,8.47,False,18.3,1.15
u01,2026-04-20,15.2,4,1.35,7.42,False,15.2,1.35
u01,2026-04-21,15.6,5,1.32,8.48,False,15.6,1.32
u01,2026-04-22,14.0,4,0.98,7.84,False,14.0,0.98
u01,2026-04-23,12.3,4,1.1,5.51,False,12.3,1.1
u01,2026-04-24,15.2,5,1.21,10.69,False,15.2,1.21
u01,2026-04-25,20.3,4,1.04,5.03,False,20.3,1.04
u01,2026-04-26,16.2,2,1.15,4.26,False,16.2,1.15
u01,2026-04-27,15.7,4,1.34,7.74,False,15.7,1.34
u01,2026-04-28,14.4,6,1.42,10.2,False,14.4,1.42
u01,2026-04-29,14.9,4,1.15,6.74,False,14.9,1.15
u01,2026-04-30,15.3,5,1.18,7.49,True,15.3,1.18
u01,2026-05-01,12.4,5,1.43,9.1,False,12.4,1.43
u01,2026-05-02,18.4,4,1.16,7.73,False,18.4,1.16
u01,2026-05-03,19.5,3,0.82,4.84,False,19.5,0.82
u01,2026-05-04,16.1,3,0.91,5.82,False,16.1,0.91
u01,2026-05-05,15.3,5,0.87,9.67,False,15.3,0.87
u01,2026-05-06,12.6,4,1.25,6.41,False,12.6,1.25
u01,2026-05-07,14.3,5,1.1,9.84,False,14.3,1.1
u01,2026-05-08,13.6,3,1.11,5.85,False,13.6,1.11
u01,2026-05-09,18.1,1,0.8,1.86,False,18.1,0.8
u01,2026-05-10,19.7,2,0.96,4.36,False,19.7,0.96
u01,2026-05-11,11.9,6,1.05,11.1,False,11.9,1.05
u01,2026-05-12,14.8,6,0.98,10.06,False,14.8,0.98
u01,2026-05-13,14.7,5,1.11,8.34,False,14.7,1.11
u01,2026-05-14,12.5,3,1.33,5.61,False,12.5,1.33
u01,2026-05-15,15.7,3,1.13,6.49,True,15.7,1.13
u01,2026-05-16,17.1,1,1.18,1.97,False,17.1,1.18
u01,2026-05-17,18.1,3,1.02,4.99,False,18.1,1.02
u01,2026-05-18,10.1,6,1.29,10.83,False,10.1,1.29
u01,2026-05-19,15.7,3,1.08,4.21,False,15.7,1.08
u01,2026-05-20,13.6,3,1.07,6.53,False,13.6,1.07
u01,2026-05-21,13.5,5,1.22,10.4,False,13.5,1.22
u01,2026-05-22,16.2,5,1.29,10.65,False,16.2,1.29
u01,2026-05-23,15.1,2,1.27,4.47,False,15.1,1.27
u01,2026-05-24,19.3,4,1.1,6.51,False,19.3,1.1
u01,2026-05-25,15.6,3,1.19,5.25,True,15.6,1.19
u01,2026-05-26,11.0,6,1.35,10.38,False,11.0,1.35
u01,2026-05-27,14.4,4,1.2,7.61,False,14.4,1.2
u01,2026-05-28,13.4,4,1.06,8.52,False,13.4,1.06
u01,2026-05-29,12.4,4,1.09,4.73,False,12.4,1.09
u01,2026-05-30,16.1,2,0.97,3.99,False,16.1,0.97
u01,2026-05-31,19.1,3,1.14,5.63,True,19.1,1.14
u01,2026-06-01,15.8,6,1.03,11.06,False,15.8,1.03
u01,2026-06-02,12.3,3,1.36,6.04,False,12.3,1.36
u01,2026-06-03,12.6,5,1.08,8.11,False,12.6,1.08
u01,2026-06-04,15.2,4,1.11,8.11,False,15.2,1.11
u01,2026-06-05,17.7,5,0.9,9.3,False,17.7,0.9
u02,2026-02-14,20.3,1,1.13,1.5,False,20.3,1.13
u02,2026-02-15,17.3,2,0.94,2.71,False,17.3,0.94
u02,2026-02-16,15.5,5,1.02,9.64,False,15.5,1.02
u02,2026-02-17,14.3,5,0.99,8.57,False,14.3,0.99
u02,2026-02-18,14.0,3,1.13,5.6,False,14.0,1.13
u02,2026-02-19,12.9,6,1.17,13.05,False,12.9,1.17
u02,2026-02-20,15.0,3,1.17,4.73,False,15.0,1.17
u02,2026-02-21,17.4,2,1.31,4.96,False,17.4,1.31
u02,2026-02-22,18.6,3,0.87,7.28,False,18.6,0.87
u02,2026-02-23,13.5,4,1.26,8.66,True,13.5,1.26
u02,2026-02-24,12.6,3,1.11,7.02,False,12.6,1.11
u02,2026-02-25,14.7,3,1.22,6.32,False,14.7,1.22
u02,2026-02-26,15.0,6,1.21,9.87,False,15.0,1.21
u02,2026-02-27,14.3,6,1.31,10.68,False,14.3,1.31
u02,2026-02-28,17.1,2,0.81,3.74,False,17.1,0.81
u02,2026-03-01,20.1,1,1.04,1.81,False,20.1,1.04
u02,2026-03-02,12.6,6,1.27,8.66,False,12.6,1.27
u02,2026-03-03,14.3,5,1.15,8.56,False,14.3,1.15
u02,2026-03-04,16.0,4,1.21,5.69,True,16.0,1.21
u02,2026-03-05,14.7,5,1.17,8.78,False,14.7,1.17
u02,2026-03-06,14.9,6,1.04,12.87,False,14.9,1.04
u02,2026-03-07,14.9,1,1.23,2.11,False,14.9,1.23
u02,2026-03-08,16.2,4,1.04,7.72,False,16.2,1.04
u02,2026-03-09,14.1,6,0.72,12.27,False,14.1,0.72
u02,2026-03-10,11.1,5,1.31,9.5,False,11.1,1.31
u02,2026-03-11,16.3,3,1.11,7.0,False,16.3,1.11
u02,2026-03-12,15.6,5,1.27,8.69,False,15.6,1.27
u02,2026-03-13,16.6,6,0.98,11.26,False,16.6,0.98
u02,2026-03-14,21.3,1,0.88,1.02,False,21.3,0.88
u02,2026-03-15,17.7,1,0.94,2.75,False,17.7,0.94
u02,2026-03-16,14.8,4,0.95,7.12,False,14.8,0.95
u02,2026-03-17,15.8,5,0.97,8.73,False,15.8,0.97
u02,2026-03-18,15.2,5,1.18,10.37,False,15.2,1.18
u02,2026-03-19,16.1,6,0.87,10.2,False,16.1,0.87
u02,2026-03-20,10.3,5,1.51,9.52,False,10.3,1.51
u02,2026-03-21,18.8,1,0.69,1.3,False,18.8,0.69
u02,2026-03-22,17.4,2,1.2,2.91,False,17.4,1.2
u02,2026-03-23,14.9,4,1.17,8.01,False,14.9,1.17
u02,2026-03-24,9.4,5,1.47,8.05,False,9.4,1.47
u02,2026-03-25,15.6,3,1.13,7.02,False,15.6,1.13
u02,2026-03-26,15.8,6,1.04,11.9,False,15.8,1.04
u02,2026-03-27,14.6,3,1.21,5.49,False,14.6,1.21
u02,2026-03-28,17.4,4,1.12,5.67,False,17.4,1.12
u02,2026-03-29,16.6,3,1.03,8.12,False,16.6,1.03
u02,2026-03-30,16.0,3,1.26,6.27,False,16.0,1.26
u02,2026-03-31,15.1,5,1.1,9.36,False,15.1,1.1
u02,2026-04-01,15.0,3,1.1,5.5,False,15.0,1.1
u02,2026-04-02,12.4,5,1.56,8.53,False,12.4,1.56
u02,2026-04-03,11.4,4,1.1,8.5,True,11.4,1.1
u02,2026-04-04,17.8,4,1.04,6.98,False,17.8,1.04
u02,2026-04-05,17.7,2,1.18,3.58,False,17.7,1.18
u02,2026-04-06,11.8,5,0.97,9.14,True,11.8,0.97
u02,2026-04-07,13.7,6,1.32,9.9,False,13.7,1.32
u02,2026-04-08,10.9,6,1.18,10.1,True,10.9,1.18
u02,2026-04-09,16.1,4,0.97,7.65,False,16.1,0.97
u02,2026-04-10,14.2,5,1.36,9.61,False,14.2,1.36
u02,2026-04-11,17.0,1,0.98,1.53,False,17.0,0.98
u02,2026-04-12,15.1,2,1.11,2.59,False,15.1,1.11
u02,2026-04-13,12.4,3,1.14,3.48,False,12.4,1.14
u02,2026-04-14,13.6,4,1.22,7.04,False,13.6,1.22
u02,2026-04-15,13.8,4,1.49,8.68,False,13.8,1.49
u02,2026-04-16,14.8,3,1.23,5.8,False,14.8,1.23
u02,2026-04-17,15.9,5,1.02,7.57,False,15.9,1.02
u02,2026-04-18,18.0,2,1.08,3.97,False,18.0,1.08
u02,2026-04-19,18.0,3,1.07,3.35,False,18.0,1.07
u02,2026-04-20,15.2,6,1.39,11.58,False,15.2,1.39
u02,2026-04-21,12.8,6,1.38,11.62,False,12.8,1.38
u02,2026-04-22,13.8,5,0.97,8.36,False,13.8,0.97
u02,2026-04-23,14.1,3,1.26,3.58,False,14.1,1.26
u02,2026-04-24,11.5,3,1.42,4.02,False,11.5,1.42
u02,2026-04-25,17.6,2,1.27,2.23,False,17.6,1.27
u02,2026-04-26,17.8,1,1.11,2.57,True,17.8,1.11
u02,2026-04-27,13.5,5,1.32,9.41,False,13.5,1.32
u02,2026-04-28,13.8,3,1.22,3.8,False,13.8,1.22
u02,2026-04-29,15.1,6,0.91,11.23,False,15.1,0.91
u02,2026-04-30,14.8,4,1.19,8.16,False,14.8,1.19
u02,2026-05-01,14.1,3,1.38,5.67,False,14.1,1.38
u02,2026-05-02,19.7,1,1.02,0.49,False,19.7,1.02
u02,2026-05-03,17.2,1,1.14,1.43,False,17.2,1.14
u02,2026-05-04,17.0,5,1.12,9.66,False,17.0,1.12
u02,2026-05-05,11.7,3,1.4,6.4,False,11.7,1.4
u02,2026-05-06,12.8,5,1.1,8.62,False,12.8,1.1
u02,2026-05-07,15.6,5,0.98,8.96,False,15.6,0.98
u02,2026-05-08,16.3,3,1.06,6.08,False,16.3,1.06
u02,2026-05-09,21.4,1,0.82,1.21,False,21.4,0.82
u02,2026-05-10,20.2,4,0.78,6.45,False,20.2,0.78
u02,2026-05-11,14.0,4,1.19,6.62,False,14.0,1.19
u02,2026-05-12,13.0,4,1.08,8.13,True,13.0,1.08
u02,2026-05-13,14.0,6,1.11,9.64,False,14.0,1.11
u02,2026-05-14,14.1,3,1.23,6.28,False,14.1,1.23
u02,2026-05-15,15.4,6,1.18,11.21,False,15.4,1.18
u02,2026-05-16,17.8,4,1.2,7.6,False,17.8,1.2
u02,2026-05-17,19.2,4,1.01,5.75,False,19.2,1.01
u02,2026-05-18,11.7,4,1.23,7.91,False,11.7,1.23
u02,2026-05-19,19.0,3,1.05,6.27,False,19.0,1.05
u02,2026-05-20,15.4,5,1.21,9.3,False,15.4,1.21
u02,2026-05-21,12.4,4,1.32,7.59,False,12.4,1.32
u02,2026-05-22,16.5,5,1.23,8.84,False,16.5,1.23
u02,2026-05-23,19.4,3,0.86,7.8,False,19.4,0.86
u02,2026-05-24,16.6,1,0.84,2.03,False,16.6,0.84
u02,2026-05-25,16.5,6,1.09,11.12,False,16.5,1.09
u02,2026-05-26,13.2,4,1.17,8.25,False,13.2,1.17
u02,2026-05-27,13.9,4,1.37,7.64,False,13.9,1.37
u02,2026-05-28,14.3,5,1.15,9.15,False,14.3,1.15
u02,2026-05-29,13.8,3,1.19,6.15,False,13.8,1.19
u02,2026-05-30,21.1,2,0.89,4.22,False,21.1,0.89
u02,2026-05-31,18.1,1,0.89,2.16,False,18.1,0.89
u02,2026-06-01,12.7,4,1.38,7.72,False,12.7,1.38
u02,2026-06-02,14.8,5,0.93,8.88,False,14.8,0.93
u02,2026-06-03,12.9,4,1.24,8.36,False,12.9,1.24
u02,2026-06-04,14.4,6,1.34,10.29,False,14.4,1.34
u02,2026-06-05,17.5,4,1.03,5.09,False,17.5,1.03
u03,2026-02-14,18.0,2,0.82,3.19,False,18.0,0.82
u03,2026-02-15,17.4,2,1.0,3.39,False,17.4,1.0
u03,2026-02-16,16.0,6,0.95,9.72,False,16.0,0.95
u03,2026-02-17,15.8,4,1.28,7.23,False,15.8,1.28
u03,2026-02-18,13.1,4,1.1,9.16,False,13.1,1.1
u03,2026-02-19,14.3,6,1.35,12.16,False,14.3,1.35
u03,2026-02-20,15.3,4,1.05,7.79,True,15.3,1.05
u03,2026-02-21,18.4,4,0.98,5.96,True,18.4,0.98
u03,2026-02-22,19.8,3,0.96,5.93,False,19.8,0.96
u03,2026-02-23,14.8,4,1.24,9.19,False,14.8,1.24
u03,2026-02-24,15.1,5,0.87,8.63,False,15.1,0.87
u03,2026-02-25,14.8,3,1.35,4.99,False,14.8,1.35
u03,2026-02-26,14.8,4,1.29,8.66,False,14.8,1.29
u03,2026-02-27,14.0,3,0.86,4.11,False,14.0,0.86
u03,2026-02-28,17.8,1,1.26,1.53,False,17.8,1.26
u03,2026-03-01,15.9,4,0.91,8.84,False,15.9,0.91
u03,2026-03-02,15.7,6,1.17,13.18,False,15.7,1.17
u03,2026-03-03,13.7,5,1.37,8.63,False,13.7,1.37
u03,2026-03-04,13.3,6,1.2,8.59,False,13.3,1.2
u03,2026-03-05,14.3,3,1.19,6.66,False,14.3,1.19
u03,2026-03-06,12.9,5,1.53,8.81,False,12.9,1.53
u03,2026-03-07,19.3,3,1.0,4.75,False,19.3,1.0
u03,2026-03-08,16.0,1,1.01,1.58,False,16.0,1.01
u03,2026-03-09,9.6,4,1.19,6.38,False,9.6,1.19
u03,2026-03-10,13.6,3,1.23,7.54,False,13.6,1.23
u03,2026-03-11,13.2,4,1.17,6.46,False,13.2,1.17
u03,2026-03-12,15.1,5,1.02,8.63,False,15.1,1.02
u03,2026-03-13,11.9,4,1.02,8.05,True,11.9,1.02
u03,2026-03-14,18.5,1,1.06,2.23,False,18.5,1.06
u03,2026-03-15,15.6,2,1.33,3.38,False,15.6,1.33
u03,2026-03-16,13.7,4,1.21,5.69,False,13.7,1.21
u03,2026-03-17,17.4,3,1.26,5.9,False,17.4,1.26
u03,2026-03-18,13.9,3,1.06,5.78,False,13.9,1.06
u03,2026-03-19,13.5,5,1.24,9.62,True,13.5,1.24
u03,2026-03-20,12.1,3,1.27,6.08,False,12.1,1.27
u03,2026-03-21,15.2,2,1.22,4.04,False,15.2,1.22
u03,2026-03-22,18.9,4,1.07,9.56,False,18.9,1.07
u03,2026-03-23,14.8,3,1.26,4.66,False,14.8,1.26
u03,2026-03-24,12.7,5,1.09,8.97,False,12.7,1.09
u03,2026-03-25,10.9,3,1.25,4.28,False,10.9,1.25
u03,2026-03-26,13.0,3,1.16,5.28,False,13.0,1.16
u03,2026-03-27,13.9,4,1.29,8.3,False,13.9,1.29
u03,2026-03-28,15.1,4,1.21,6.31,False,15.1,1.21
u03,2026-03-29,18.3,1,1.23,2.01,False,18.3,1.23
u03,2026-03-30,13.0,4,1.23,6.1,False,13.0,1.23
u03,2026-03-31,15.5,5,1.27,9.84,False,15.5,1.27
u03,2026-04-01,14.0,6,1.44,10.47,True,14.0,1.44
u03,2026-04-02,15.0,6,1.22,10.17,False,15.0,1.22
u03,2026-04-03,13.5,6,1.33,9.94,False,13.5,1.33
u03,2026-04-04,16.8,4,1.01,6.51,False,16.8,1.01
u03,2026-04-05,17.4,3,0.83,5.95,False,17.4,0.83
u03,2026-04-06,14.5,5,1.25,8.97,False,14.5,1.25
u03,2026-04-07,13.0,6,1.32,10.95,False,13.0,1.32
u03,2026-04-08,15.8,3,1.06,5.88,False,15.8,1.06
u03,2026-04-09,13.4,4,1.21,7.64,False,13.4,1.21
u03,2026-04-10,13.5,5,1.3,10.44,False,13.5,1.3
u03,2026-04-11,15.4,1,1.12,1.79,False,15.4,1.12
u03,2026-04-12,17.5,3,1.04,6.88,False,17.5,1.04
u03,2026-04-13,14.4,6,1.2,11.37,False,14.4,1.2
u03,2026-04-14,13.7,4,1.07,7.2,True,13.7,1.07
u03,2026-04-15,14.0,5,1.04,10.21,False,14.0,1.04
u03,2026-04-16,16.0,4,1.02,7.9,False,16.0,1.02
u03,2026-04-17,13.3,4,0.99,6.26,False,13.3,0.99
u03,2026-04-18,18.5,4,1.0,5.88,True,18.5,1.0
u03,2026-04-19,16.8,1,1.17,1.06,False,16.8,1.17
u03,2026-04-20,13.5,6,1.38,9.27,False,13.5,1.38
u03,2026-04-21,12.1,4,1.07,7.94,False,12.1,1.07
u03,2026-04-22,16.2,6,1.22,11.06,False,16.2,1.22
u03,2026-04-23,15.3,5,1.05,7.52,False,15.3,1.05
u03,2026-04-24,14.5,5,1.34,9.18,False,14.5,1.34
u03,2026-04-25,18.2,3,0.96,4.26,False,18.2,0.96
u03,2026-04-26,16.8,2,1.19,3.08,False,16.8,1.19
u03,2026-04-27,11.9,6,1.21,10.73,False,11.9,1.21
u03,2026-04-28,16.6,3,1.21,4.77,False,16.6,1.21
u03,2026-04-29,14.0,6,1.27,11.59,False,14.0,1.27
u03,2026-04-30,14.1,6,0.87,12.26,False,14.1,0.87
u03,2026-05-01,11.7,3,1.5,5.3,False,11.7,1.5
u03,2026-05-02,18.6,2,1.09,4.98,False,18.6,1.09
u03,2026-05-03,20.7,4,0.84,6.7,False,20.7,0.84
u03,2026-05-04,13.7,5,1.36,7.78,False,13.7,1.36
u03,2026-05-05,13.5,6,0.94,11.45,False,13.5,0.94
u03,2026-05-06,12.8,6,1.25,10.17,True,12.8,1.25
u03,2026-05-07,14.0,6,1.26,12.05,False,14.0,1.26
u03,2026-05-08,12.6,3,1.25,7.76,False,12.6,1.25
u03,2026-05-09,16.2,2,1.0,1.91,False,16.2,1.0
u03,2026-05-10,20.2,4,1.08,7.71,False,20.2,1.08
u03,2026-05-11,14.7,4,1.19,7.38,False,14.7,1.19
u03,2026-05-12,13.3,3,1.1,5.98,False,13.3,1.1
u03,2026-05-13,12.6,6,1.3,11.02,False,12.6,1.3
u03,2026-05-14,14.8,3,1.13,6.35,False,14.8,1.13
u03,2026-05-15,15.6,5,1.21,8.77,False,15.6,1.21
u03,2026-05-16,19.6,2,1.19,2.78,False,19.6,1.19
u03,2026-05-17,18.3,2,0.93,2.92,True,18.3,0.93
u03,2026-05-18,14.8,3,1.11,4.98,True,14.8,1.11
u03,2026-05-19,15.7,5,1.06,9.99,True,15.7,1.06
u03,2026-05-20,12.1,3,1.19,7.06,False,12.1,1.19
u03,2026-05-21,16.1,3,1.29,3.46,False,16.1,1.29
u03,2026-05-22,13.5,6,1.12,8.77,False,13.5,1.12
u03,2026-05-23,19.6,1,0.67,1.67,False,19.6,0.67
u03,2026-05-24,19.6,3,1.16,4.79,False,19.6,1.16
u03,2026-05-25,16.6,3,0.97,5.86,False,16.6,0.97
u03,2026-05-26,14.9,3,1.0,3.48,False,14.9,1.0
u03,2026-05-27,13.0,5,1.18,9.02,False,13.0,1.18
u03,2026-05-28,12.3,4,1.31,7.15,False,12.3,1.31
u03,2026-05-29,16.6,4,0.9,6.49,False,16.6,0.9
u03,2026-05-30,19.9,2,0.75,3.51,True,19.9,0.75
u03,2026-05-31,17.1,1,0.96,2.12,False,17.1,0.96
u03,2026-06-01,11.9,6,1.28,12.96,False,11.9,1.28
u03,2026-06-02,15.5,5,1.1,10.68,False,15.5,1.1
u03,2026-06-03,14.8,5,1.03,8.71,False,14.8,1.03
u03,2026-06-04,16.5,6,1.06,13.54,False,16.5,1.06
u03,2026-06-05,12.9,5,1.17,10.64,False,12.9,1.17
u04,2026-02-14,16.8,2,1.2,2.54,False,16.8,1.2
u04,2026-02-15,17.7,3,1.0,4.63,False,17.7,1.0
u04,2026-02-16,12.5,3,1.19,5.1,False,12.5,1.19
u04,2026-02-17,15.4,4,1.12,6.84,False,15.4,1.12
u04,2026-02-18,16.2,5,1.01,8.71,True,16.2,1.01
u04,2026-02-19,14.9,3,1.11,6.28,False,14.9,1.11
u04,2026-02-20,14.0,6,0.84,11.93,False,14.0,0.84
u04,2026-02-21,16.1,4,1.05,7.07,False,16.1,1.05
u04,2026-02-22,15.9,3,0.93,5.19,False,15.9,0.93
u04,2026-02-23,13.1,5,0.96,9.14,False,13.1,0.96
u04,2026-02-24,12.9,3,1.26,5.04,False,12.9,1.26
u04,2026-02-25,16.6,3,1.33,5.11,False,16.6,1.33
u04,2026-02-26,15.9,4,0.79,8.61,False,15.9,0.79
u04,2026-02-27,13.5,4,1.28,8.4,False,13.5,1.28
u04,2026-02-28,18.7,3,0.67,5.35,True,18.7,0.67
u04,2026-03-01,18.3,2,1.37,3.11,False,18.3,1.37
u04,2026-03-02,15.3,5,0.9,10.41,True,15.3,0.9
u04,2026-03-03,10.8,4,1.38,6.1,False,10.8,1.38
u04,2026-03-04,16.2,3,1.04,4.74,False,16.2,1.04
u04,2026-03-05,12.6,4,1.38,7.53,False,12.6,1.38
u04,2026-03-06,15.6,3,1.28,5.19,False,15.6,1.28
u04,2026-03-07,16.9,1,1.18,1.7,False,16.9,1.18
u04,2026-03-08,19.0,1,0.81,3.21,False,19.0,0.81
u04,2026-03-09,14.0,3,1.37,5.87,False,14.0,1.37
u04,2026-03-10,12.4,4,1.24,4.45,False,12.4,1.24
u04,2026-03-11,12.7,6,1.23,10.1,False,12.7,1.23
u04,2026-03-12,16.3,6,1.09,11.44,False,16.3,1.09
u04,2026-03-13,13.9,3,1.29,4.96,False,13.9,1.29
u04,2026-03-14,19.1,1,0.98,1.67,False,19.1,0.98
u04,2026-03-15,20.0,3,1.14,4.81,False,20.0,1.14
u04,2026-03-16,14.2,4,1.22,7.56,False,14.2,1.22
u04,2026-03-17,13.4,5,1.3,10.64,False,13.4,1.3
u04,2026-03-18,14.1,6,1.14,11.21,False,14.1,1.14
u04,2026-03-19,13.7,6,1.17,10.67,False,13.7,1.17
u04,2026-03-20,15.4,5,0.88,5.98,False,15.4,0.88
u04,2026-03-21,17.9,2,0.98,4.16,False,17.9,0.98
u04,2026-03-22,17.5,1,1.05,0.71,False,17.5,1.05
u04,2026-03-23,13.8,4,1.03,6.44,False,13.8,1.03
u04,2026-03-24,15.8,3,1.3,6.18,False,15.8,1.3
u04,2026-03-25,12.8,4,1.28,7.67,False,12.8,1.28
u04,2026-03-26,13.0,3,1.57,4.94,False,13.0,1.57
u04,2026-03-27,15.7,5,1.26,8.91,False,15.7,1.26
u04,2026-03-28,17.6,2,0.81,5.73,False,17.6,0.81
u04,2026-03-29,18.2,1,1.12,0.2,False,18.2,1.12
u04,2026-03-30,14.8,4,1.16,6.43,False,14.8,1.16
u04,2026-03-31,12.4,6,1.53,10.77,False,12.4,1.53
u04,2026-04-01,13.3,4,1.41,5.64,False,13.3,1.41
u04,2026-04-02,11.8,6,1.54,11.64,False,11.8,1.54
u04,2026-04-03,15.7,5,1.13,9.79,False,15.7,1.13
u04,2026-04-04,14.8,4,1.14,8.15,False,14.8,1.14
u04,2026-04-05,16.8,3,1.24,5.72,False,16.8,1.24
u04,2026-04-06,15.2,4,1.11,7.17,False,15.2,1.11
u04,2026-04-07,14.4,4,1.28,7.08,False,14.4,1.28
u04,2026-04-08,14.0,4,1.23,7.04,False,14.0,1.23
u04,2026-04-09,12.7,6,1.13,12.87,False,12.7,1.13
u04,2026-04-10,14.7,5,0.96,10.86,False,14.7,0.96
u04,2026-04-11,15.4,1,1.24,1.87,True,15.4,1.24
u04,2026-04-12,16.6,2,1.15,4.23,False,16.6,1.15
u04,2026-04-13,14.5,3,1.22,5.2,False,14.5,1.22
u04,2026-04-14,12.6,5,1.38,9.81,False,12.6,1.38
u04,2026-04-15,14.4,5,1.14,9.89,False,14.4,1.14
u04,2026-04-16,14.6,5,1.32,10.1,False,14.6,1.32
u04,2026-04-17,13.4,5,1.1,9.34,False,13.4,1.1
u04,2026-04-18,19.2,3,1.06,6.54,False,19.2,1.06
u04,2026-04-19,17.3,3,0.73,5.96,False,17.3,0.73
u04,2026-04-20,15.0,6,1.01,10.82,False,15.0,1.01
u04,2026-04-21,15.5,6,1.07,11.31,False,15.5,1.07
u04,2026-04-22,17.5,5,1.13,11.18,True,17.5,1.13
u04,2026-04-23,13.2,6,1.36,9.76,False,13.2,1.36
u04,2026-04-24,12.5,6,1.21,10.57,False,12.5,1.21
u04,2026-04-25,17.5,1,1.19,1.88,False,17.5,1.19
u04,2026-04-26,20.0,1,1.05,2.54,False,20.0,1.05
u04,2026-04-27,14.6,6,1.06,11.68,False,14.6,1.06
u04,2026-04-28,14.0,6,1.15,10.86,False,14.0,1.15
u04,2026-04-29,13.5,3,1.21,5.3,False,13.5,1.21
u04,2026-04-30,12.7,6,1.09,9.92,False,12.7,1.09
u04,2026-05-01,13.9,5,1.16,7.05,False,13.9,1.16
u04,2026-05-02,17.7,3,1.13,4.26,False,17.7,1.13
u04,2026-05-03,15.8,3,1.2,4.47,False,15.8,1.2
u04,2026-05-04,14.8,3,1.25,5.17,False,14.8,1.25
u04,2026-05-05,16.3,6,0.9,12.22,False,16.3,0.9
u04,2026-05-06,14.1,4,1.02,8.08,False,14.1,1.02
u04,2026-05-07,15.7,5,1.33,7.63,False,15.7,1.33
u04,2026-05-08,14.3,6,1.44,11.86,False,14.3,1.44
u04,2026-05-09,20.0,1,0.96,2.47,False,20.0,0.96
u04,2026-05-10,17.2,1,0.78,3.09,False,17.2,0.78
u04,2026-05-11,14.3,5,1.22,10.68,True,14.3,1.22
u04,2026-05-12,14.6,5,1.09,10.01,False,14.6,1.09
u04,2026-05-13,14.3,5,1.2,7.93,False,14.3,1.2
u04,2026-05-14,13.4,4,1.49,8.24,False,13.4,1.49
u04,2026-05-15,13.0,5,1.27,10.16,False,13.0,1.27
u04,2026-05-16,17.4,2,1.02,2.5,True,17.4,1.02
u04,2026-05-17,20.1,1,0.73,1.53,False,20.1,0.73
u04,2026-05-18,17.0,6,0.87,11.94,False,17.0,0.87
u04,2026-05-19,12.6,5,1.47,9.11,False,12.6,1.47
u04,2026-05-20,12.7,6,1.47,10.24,False,12.7,1.47
u04,2026-05-21,15.7,4,1.29,7.64,False,15.7,1.29
u04,2026-05-22,16.1,3,1.31,4.23,False,16.1,1.31
u04,2026-05-23,21.9,3,0.63,3.71,False,21.9,0.63
u04,2026-05-24,18.8,2,0.9,4.61,False,18.8,0.9
u04,2026-05-25,10.8,6,1.27,11.08,False,10.8,1.27
u04,2026-05-26,13.0,5,1.52,10.33,False,13.0,1.52
u04,2026-05-27,17.0,6,1.17,10.49,False,17.0,1.17
u04,2026-05-28,14.4,5,1.1,7.59,False,14.4,1.1
u04,2026-05-29,12.1,3,1.39,3.65,False,12.1,1.39
u04,2026-05-30,18.8,4,1.34,8.82,False,18.8,1.34
u04,2026-05-31,17.6,3,0.83,1.74,False,17.6,0.83
u04,2026-06-01,13.6,3,1.15,6.35,False,13.6,1.15
u04,2026-06-02,13.7,5,1.51,9.07,False,13.7,1.51
u04,2026-06-03,11.8,5,1.15,9.31,False,11.8,1.15
u04,2026-06-04,14.4,6,1.21,9.78,False,14.4,1.21
u04,2026-06-05,12.7,6,1.32,10.72,False,12.7,1.32
u05,2026-02-14,16.0,3,1.16,4.22,False,16.0,1.16
u05,2026-02-15,17.9,1,1.03,1.7,False,17.9,1.03
u05,2026-02-16,15.1,4,1.25,6.83,False,15.1,1.25
u05,2026-02-17,16.6,6,1.34,10.11,False,16.6,1.34
u05,2026-02-18,15.0,6,1.32,10.65,False,15.0,1.32
u05,2026-02-19,12.1,6,1.3,11.63,False,12.1,1.3
u05,2026-02-20,12.3,4,1.24,9.01,False,12.3,1.24
u05,2026-02-21,16.1,1,0.96,0.2,False,16.1,0.96
u05,2026-02-22,17.9,4,1.02,5.87,False,17.9,1.02
u05,2026-02-23,15.8,3,1.27,6.09,False,15.8,1.27
u05,2026-02-24,15.9,6,1.22,9.01,False,15.9,1.22
u05,2026-02-25,11.2,3,1.31,5.26,False,11.2,1.31
u05,2026-02-26,14.3,4,0.67,6.98,False,14.3,0.67
u05,2026-02-27,14.0,5,1.18,9.85,False,14.0,1.18
u05,2026-02-28,17.9,4,1.05,8.33,False,17.9,1.05
u05,2026-03-01,20.5,2,1.04,3.67,False,20.5,1.04
u05,2026-03-02,11.0,3,1.47,6.13,False,11.0,1.47
u05,2026-03-03,11.0,4,1.36,7.0,False,11.0,1.36
u05,2026-03-04,12.7,6,1.34,11.25,False,12.7,1.34
u05,2026-03-05,14.2,4,1.18,6.33,False,14.2,1.18
u05,2026-03-06,14.6,6,1.28,10.72,False,14.6,1.28
u05,2026-03-07,18.6,3,0.95,4.84,False,18.6,0.95
u05,2026-03-08,17.7,3,1.12,5.25,False,17.7,1.12
u05,2026-03-09,15.3,3,1.06,4.69,False,15.3,1.06
u05,2026-03-10,15.3,5,1.1,10.4,False,15.3,1.1
u05,2026-03-11,14.7,6,0.75,11.45,False,14.7,0.75
u05,2026-03-12,14.2,5,1.22,7.57,True,14.2,1.22
u05,2026-03-13,14.9,3,1.02,4.54,False,14.9,1.02
u05,2026-03-14,22.5,1,0.83,0.2,True,22.5,0.83
u05,2026-03-15,17.3,3,0.95,4.94,False,17.3,0.95
u05,2026-03-16,15.3,6,1.25,12.91,False,15.3,1.25
u05,2026-03-17,15.6,6,1.25,12.67,False,15.6,1.25
u05,2026-03-18,11.4,6,1.42,11.47,False,11.4,1.42
u05,2026-03-19,14.5,5,1.43,9.32,False,14.5,1.43
u05,2026-03-20,14.5,4,1.13,7.7,False,14.5,1.13
u05,2026-03-21,17.0,1,1.13,0.94,False,17.0,1.13
u05,2026-03-22,15.9,2,1.22,3.02,False,15.9,1.22
u05,2026-03-23,15.7,5,1.23,8.49,False,15.7,1.23
u05,2026-03-24,15.4,6,0.87,9.91,False,15.4,0.87
u05,2026-03-25,14.9,5,0.92,9.65,False,14.9,0.92
u05,2026-03-26,15.8,5,0.76,8.49,False,15.8,0.76
u05,2026-03-27,15.1,4,1.2,7.75,False,15.1,1.2
u05,2026-03-28,15.8,1,0.93,1.91,False,15.8,0.93
u05,2026-03-29,19.4,3,1.19,5.15,False,19.4,1.19
u05,2026-03-30,11.0,4,1.57,7.68,False,11.0,1.57
u05,2026-03-31,13.6,4,1.12,7.14,False,13.6,1.12
u05,2026-04-01,14.7,5,1.19,8.45,False,14.7,1.19
u05,2026-04-02,14.0,6,1.22,9.17,False,14.0,1.22
u05,2026-04-03,11.8,4,1.25,7.13,False,11.8,1.25
u05,2026-04-04,18.3,1,1.23,1.74,False,18.3,1.23
u05,2026-04-05,19.2,3,0.87,4.35,False,19.2,0.87
u05,2026-04-06,12.2,3,1.1,5.31,False,12.2,1.1
u05,2026-04-07,13.3,6,1.21,10.7,False,13.3,1.21
u05,2026-04-08,14.7,3,1.18,4.28,False,14.7,1.18
u05,2026-04-09,13.2,4,1.31,7.8,False,13.2,1.31
u05,2026-04-10,16.2,4,1.31,7.97,False,16.2,1.31
u05,2026-04-11,16.9,3,1.09,4.61,False,16.9,1.09
u05,2026-04-12,16.2,2,1.11,4.01,False,16.2,1.11
u05,2026-04-13,14.8,6,1.14,11.83,False,14.8,1.14
u05,2026-04-14,14.2,3,1.17,5.92,False,14.2,1.17
u05,2026-04-15,12.8,5,1.22,8.13,False,12.8,1.22
u05,2026-04-16,15.7,3,0.93,6.03,False,15.7,0.93
u05,2026-04-17,12.4,4,1.37,6.38,False,12.4,1.37
u05,2026-04-18,19.1,3,0.95,5.59,False,19.1,0.95
u05,2026-04-19,19.3,3,0.91,5.04,False,19.3,0.91
u05,2026-04-20,16.2,5,0.96,6.79,False,16.2,0.96
u05,2026-04-21,14.1,4,1.28,7.93,False,14.1,1.28
u05,2026-04-22,16.4,4,0.99,7.63,False,16.4,0.99
u05,2026-04-23,13.3,4,1.0,8.16,False,13.3,1.0
u05,2026-04-24,13.5,6,1.3,9.77,False,13.5,1.3
u05,2026-04-25,17.2,2,1.08,3.34,False,17.2,1.08
u05,2026-04-26,17.8,3,1.08,6.31,False,17.8,1.08
u05,2026-04-27,15.1,3,1.15,6.6,False,15.1,1.15
u05,2026-04-28,12.9,3,1.16,5.85,False,12.9,1.16
u05,2026-04-29,14.3,3,0.99,7.31,False,14.3,0.99
u05,2026-04-30,11.7,4,1.16,7.43,False,11.7,1.16
u05,2026-05-01,12.9,5,1.23,7.74,False,12.9,1.23
u05,2026-05-02,20.3,3,0.71,8.12,False,20.3,0.71
u05,2026-05-03,19.4,1,1.15,0.89,False,19.4,1.15
u05,2026-05-04,13.9,4,1.21,7.33,False,13.9,1.21
u05,2026-05-05,12.9,4,1.27,7.62,False,12.9,1.27
u05,2026-05-06,14.1,3,1.17,7.28,False,14.1,1.17
u05,2026-05-07,14.4,3,0.92,3.36,False,14.4,0.92
u05,2026-05-08,11.8,6,1.21,10.05,False,11.8,1.21
u05,2026-05-09,20.9,4,0.88,9.23,False,20.9,0.88
u05,2026-05-10,17.5,1,1.28,1.85,False,17.5,1.28
u05,2026-05-11,13.3,6,1.47,10.66,False,13.3,1.47
u05,2026-05-12,12.5,4,1.29,8.31,False,12.5,1.29
u05,2026-05-13,13.2,3,0.98,6.1,False,13.2,0.98
u05,2026-05-14,15.0,5,1.23,7.91,False,15.0,1.23
u05,2026-05-15,15.3,5,1.07,9.99,False,15.3,1.07
u05,2026-05-16,16.8,3,0.89,4.56,False,16.8,0.89
u05,2026-05-17,20.7,3,0.88,4.06,False,20.7,0.88
u05,2026-05-18,16.2,4,1.2,8.69,False,16.2,1.2
u05,2026-05-19,13.4,3,1.29,6.14,False,13.4,1.29
u05,2026-05-20,13.8,3,1.24,6.46,False,13.8,1.24
u05,2026-05-21,16.6,3,1.03,8.0,False,16.6,1.03
u05,2026-05-22,11.7,3,1.26,6.68,False,11.7,1.26
u05,2026-05-23,20.0,2,1.05,3.36,False,20.0,1.05
u05,2026-05-24,15.5,4,1.02,8.21,False,15.5,1.02
u05,2026-05-25,11.0,3,1.33,5.99,False,11.0,1.33
u05,2026-05-26,12.9,3,1.29,5.25,False,12.9,1.29
u05,2026-05-27,15.8,5,1.05,10.84,False,15.8,1.05
u05,2026-05-28,11.5,3,1.31,6.37,False,11.5,1.31
u05,2026-05-29,12.4,4,1.48,6.26,False,12.4,1.48
u05,2026-05-30,14.5,1,1.33,1.87,False,14.5,1.33
u05,2026-05-31,18.1,4,0.9,5.58,False,18.1,0.9
u05,2026-06-01,13.0,4,1.29,7.4,False,13.0,1.29
u05,2026-06-02,11.8,3,1.6,7.26,False,11.8,1.6
u05,2026-06-03,13.6,6,1.2,12.85,False,13.6,1.2
u05,2026-06-04,14.7,3,0.87,5.21,False,14.7,0.87
u05,2026-06-05,11.8,5,0.94,7.36,False,11.8,0.94
u06,2026-02-14,17.1,3,0.98,5.0,False,17.1,0.98
u06,2026-02-15,16.8,3,1.22,5.36,False,16.8,1.22
u06,2026-02-16,16.1,4,0.97,7.03,False,16.1,0.97
u06,2026-02-17,12.7,4,1.32,5.65,False,12.7,1.32
u06,2026-02-18,15.1,6,1.1,10.68,False,15.1,1.1
u06,2026-02-19,10.7,5,1.01,9.84,False,10.7,1.01
u06,2026-02-20,18.9,3,0.9,5.74,False,18.9,0.9
u06,2026-02-21,17.7,1,0.58,0.2,False,17.7,0.58
u06,2026-02-22,17.5,2,1.35,4.18,False,17.5,1.35
u06,2026-02-23,13.1,3,1.2,4.79,False,13.1,1.2
u06,2026-02-24,14.0,5,1.2,7.99,False,14.0,1.2
u06,2026-02-25,15.0,5,0.97,9.95,False,15.0,0.97
u06,2026-02-26,13.2,3,1.3,6.92,False,13.2,1.3
u06,2026-02-27,15.2,6,1.23,11.11,False,15.2,1.23
u06,2026-02-28,17.8,3,1.19,5.56,False,17.8,1.19
u06,2026-03-01,17.2,4,0.85,7.05,False,17.2,0.85
u06,2026-03-02,15.2,3,1.09,6.3,False,15.2,1.09
u06,2026-03-03,13.6,3,1.41,4.67,False,13.6,1.41
u06,2026-03-04,14.6,3,1.06,5.8,False,14.6,1.06
u06,2026-03-05,16.8,6,1.11,11.06,True,16.8,1.11
u06,2026-03-06,14.2,6,1.1,7.97,False,14.2,1.1
u06,2026-03-07,18.1,4,0.95,7.06,False,18.1,0.95
u06,2026-03-08,18.0,4,1.23,6.25,False,18.0,1.23
u06,2026-03-09,16.0,5,1.1,8.93,False,16.0,1.1
u06,2026-03-10,14.0,3,1.14,5.5,False,14.0,1.14
u06,2026-03-11,15.0,3,0.86,4.51,False,15.0,0.86
u06,2026-03-12,13.2,3,1.21,3.91,True,13.2,1.21
u06,2026-03-13,13.8,3,1.37,6.34,True,13.8,1.37
u06,2026-03-14,17.0,2,1.09,3.83,True,17.0,1.09
u06,2026-03-15,17.8,3,0.85,4.1,False,17.8,0.85
u06,2026-03-16,12.3,4,1.22,6.41,False,12.3,1.22
u06,2026-03-17,12.2,5,1.36,9.5,False,12.2,1.36
u06,2026-03-18,13.5,5,1.39,8.26,False,13.5,1.39
u06,2026-03-19,15.4,3,0.77,5.62,False,15.4,0.77
u06,2026-03-20,15.5,5,1.53,10.07,False,15.5,1.53
u06,2026-03-21,16.6,1,1.19,3.93,False,16.6,1.19
u06,2026-03-22,18.3,2,1.17,3.6,False,18.3,1.17
u06,2026-03-23,10.5,3,1.25,3.81,False,10.5,1.25
u06,2026-03-24,13.9,4,1.21,5.31,False,13.9,1.21
u06,2026-03-25,11.1,4,1.27,7.75,False,11.1,1.27
u06,2026-03-26,14.4,6,1.28,11.67,False,14.4,1.28
u06,2026-03-27,14.0,3,1.33,5.63,False,14.0,1.33
u06,2026-03-28,18.1,2,0.89,2.25,False,18.1,0.89
u06,2026-03-29,17.4,3,1.12,5.51,False,17.4,1.12
u06,2026-03-30,11.7,5,1.05,9.43,False,11.7,1.05
u06,2026-03-31,12.1,3,1.14,4.75,False,12.1,1.14
u06,2026-04-01,14.5,3,1.05,5.04,False,14.5,1.05
u06,2026-04-02,13.6,3,1.38,6.03,False,13.6,1.38
u06,2026-04-03,15.3,4,1.11,7.63,False,15.3,1.11
u06,2026-04-04,18.2,2,1.17,4.7,False,18.2,1.17
u06,2026-04-05,16.9,3,1.23,4.97,False,16.9,1.23
u06,2026-04-06,13.4,6,1.26,11.71,False,13.4,1.26
u06,2026-04-07,16.5,5,1.32,10.15,False,16.5,1.32
u06,2026-04-08,16.3,4,1.03,7.01,False,16.3,1.03
u06,2026-04-09,16.1,3,1.24,5.54,False,16.1,1.24
u06,2026-04-10,11.6,3,1.25,3.64,False,11.6,1.25
u06,2026-04-11,18.1,1,0.85,3.71,False,18.1,0.85
u06,2026-04-12,15.4,2,1.15,4.22,False,15.4,1.15
u06,2026-04-13,11.7,4,0.91,6.39,False,11.7,0.91
u06,2026-04-14,14.5,4,0.83,7.01,False,14.5,0.83
u06,2026-04-15,14.1,3,1.25,6.06,False,14.1,1.25
u06,2026-04-16,15.1,5,1.25,7.72,False,15.1,1.25
u06,2026-04-17,14.3,5,1.01,7.26,False,14.3,1.01
u06,2026-04-18,16.8,2,1.23,3.22,False,16.8,1.23
u06,2026-04-19,19.9,4,0.76,6.47,False,19.9,0.76
u06,2026-04-20,14.1,5,1.26,8.14,False,14.1,1.26
u06,2026-04-21,14.4,6,1.47,9.97,False,14.4,1.47
u06,2026-04-22,12.1,3,1.23,5.76,False,12.1,1.23
u06,2026-04-23,16.0,4,1.01,8.43,False,16.0,1.01
u06,2026-04-24,13.6,3,0.99,4.01,False,13.6,0.99
u06,2026-04-25,18.4,4,0.94,6.57,False,18.4,0.94
u06,2026-04-26,17.9,2,1.13,2.94,False,17.9,1.13
u06,2026-04-27,15.9,6,1.27,10.78,False,15.9,1.27
u06,2026-04-28,15.6,6,1.23,11.04,False,15.6,1.23
u06,2026-04-29,15.0,6,1.13,10.86,False,15.0,1.13
u06,2026-04-30,12.0,3,1.34,5.28,True,12.0,1.34
u06,2026-05-01,14.2,6,0.95,13.65,False,14.2,0.95
u06,2026-05-02,18.2,2,1.06,5.09,False,18.2,1.06
u06,2026-05-03,19.5,4,0.84,6.91,False,19.5,0.84
u06,2026-05-04,12.8,6,1.52,10.74,False,12.8,1.52
u06,2026-05-05,14.4,6,1.19,11.59,False,14.4,1.19
u06,2026-05-06,13.3,4,1.27,8.27,False,13.3,1.27
u06,2026-05-07,15.0,5,1.08,7.72,False,15.0,1.08
u06,2026-05-08,11.8,3,1.43,3.32,True,11.8,1.43
u06,2026-05-09,17.6,1,1.08,3.07,False,17.6,1.08
u06,2026-05-10,18.3,2,0.93,3.84,False,18.3,0.93
u06,2026-05-11,14.3,4,1.18,5.76,False,14.3,1.18
u06,2026-05-12,12.0,4,1.52,7.13,True,12.0,1.52
u06,2026-05-13,14.4,3,1.35,5.2,False,14.4,1.35
u06,2026-05-14,15.8,5,1.21,8.61,False,15.8,1.21
u06,2026-05-15,12.3,6,1.36,11.6,False,12.3,1.36
u06,2026-05-16,16.3,4,1.05,7.41,False,16.3,1.05
u06,2026-05-17,17.1,2,1.05,2.42,False,17.1,1.05
u06,2026-05-18,14.2,4,1.06,7.34,True,14.2,1.06
u06,2026-05-19,16.2,4,1.18,6.84,False,16.2,1.18
u06,2026-05-20,15.6,5,1.01,9.25,False,15.6,1.01
u06,2026-05-21,16.6,6,0.95,11.0,False,16.6,0.95
u06,2026-05-22,12.7,6,1.29,12.67,False,12.7,1.29
u06,2026-05-23,16.3,1,1.16,0.23,False,16.3,1.16
u06,2026-05-24,20.6,2,0.94,3.48,False,20.6,0.94
u06,2026-05-25,13.5,5,0.97,8.28,False,13.5,0.97
u06,2026-05-26,13.6,3,1.06,6.03,False,13.6,1.06
u06,2026-05-27,14.4,5,1.36,9.41,False,14.4,1.36
u06,2026-05-28,11.1,6,1.34,12.23,False,11.1,1.34
u06,2026-05-29,14.2,6,1.11,10.94,False,14.2,1.11
u06,2026-05-30,18.5,2,0.85,3.29,False,18.5,0.85
u06,2026-05-31,18.4,4,0.8,7.46,False,18.4,0.8
u06,2026-06-01,15.0,6,1.32,10.63,False,15.0,1.32
u06,2026-06-02,14.5,3,1.28,5.8,False,14.5,1.28
u06,2026-06-03,13.9,3,1.16,6.06,False,13.9,1.16
u06,2026-06-04,12.8,6,1.29,10.5,False,12.8,1.29
u06,2026-06-05,13.1,6,1.43,10.13,True,13.1,1.43
u07,2026-02-14,20.0,4,0.96,7.25,False,20.0,0.96
u07,2026-02-15,18.4,1,0.98,3.17,True,18.4,0.98
u07,2026-02-16,16.5,6,0.88,11.9,False,16.5,0.88
u07,2026-02-17,16.2,6,1.19,10.56,False,16.2,1.19
u07,2026-02-18,14.1,5,1.47,6.93,False,14.1,1.47
u07,2026-02-19,14.6,6,1.05,10.78,True,14.6,1.05
u07,2026-02-20,14.6,3,1.16,6.1,False,14.6,1.16
u07,2026-02-21,17.4,3,1.04,6.08,False,17.4,1.04
u07,2026-02-22,18.7,2,1.04,3.1,False,18.7,1.04
u07,2026-02-23,12.5,5,1.3,8.37,True,12.5,1.3
u07,2026-02-24,14.3,5,1.52,9.49,False,14.3,1.52
u07,2026-02-25,11.7,3,1.06,6.11,False,11.7,1.06
u07,2026-02-26,14.0,5,1.37,9.99,False,14.0,1.37
u07,2026-02-27,12.7,4,1.24,7.97,True,12.7,1.24
u07,2026-02-28,19.2,3,0.81,5.27,False,19.2,0.81
u07,2026-03-01,20.2,4,0.67,6.34,False,20.2,0.67
u07,2026-03-02,13.7,6,1.25,10.84,False,13.7,1.25
u07,2026-03-03,15.6,3,0.93,6.18,False,15.6,0.93
u07,2026-03-04,14.4,4,1.2,6.2,False,14.4,1.2
u07,2026-03-05,11.6,4,1.64,6.18,False,11.6,1.64
u07,2026-03-06,12.5,3,1.12,5.58,False,12.5,1.12
u07,2026-03-07,15.4,3,1.28,5.1,False,15.4,1.28
u07,2026-03-08,17.1,2,1.07,2.82,False,17.1,1.07
u07,2026-03-09,12.8,3,1.23,5.4,False,12.8,1.23
u07,2026-03-10,14.5,6,1.01,10.88,False,14.5,1.01
u07,2026-03-11,12.5,6,1.4,10.1,False,12.5,1.4
u07,2026-03-12,13.5,3,1.37,4.93,False,13.5,1.37
u07,2026-03-13,13.7,4,1.22,6.13,True,13.7,1.22
u07,2026-03-14,17.9,1,1.28,3.13,False,17.9,1.28
u07,2026-03-15,17.1,2,1.13,4.07,False,17.1,1.13
u07,2026-03-16,14.9,4,0.89,5.67,False,14.9,0.89
u07,2026-03-17,12.8,3,1.26,6.02,False,12.8,1.26
u07,2026-03-18,13.9,4,1.21,8.48,False,13.9,1.21
u07,2026-03-19,15.0,6,1.24,9.75,False,15.0,1.24
u07,2026-03-20,13.4,5,1.02,7.67,False,13.4,1.02
u07,2026-03-21,18.6,3,1.1,5.88,False,18.6,1.1
u07,2026-03-22,16.5,2,1.25,4.35,False,16.5,1.25
u07,2026-03-23,14.8,3,1.14,5.66,False,14.8,1.14
u07,2026-03-24,17.4,3,0.96,6.11,False,17.4,0.96
u07,2026-03-25,13.3,4,1.39,7.38,False,13.3,1.39
u07,2026-03-26,15.1,4,1.1,6.47,False,15.1,1.1
u07,2026-03-27,12.5,3,1.27,6.57,False,12.5,1.27
u07,2026-03-28,18.5,1,1.09,2.49,False,18.5,1.09
u07,2026-03-29,18.1,1,1.12,1.93,False,18.1,1.12
u07,2026-03-30,13.5,5,1.03,8.56,False,13.5,1.03
u07,2026-03-31,12.0,5,0.93,10.22,False,12.0,0.93
u07,2026-04-01,12.2,4,1.09,7.46,False,12.2,1.09
u07,2026-04-02,13.5,3,1.34,6.91,False,13.5,1.34
u07,2026-04-03,14.2,4,1.02,8.37,True,14.2,1.02
u07,2026-04-04,17.6,2,0.96,3.82,False,17.6,0.96
u07,2026-04-05,18.0,3,0.87,5.2,False,18.0,0.87
u07,2026-04-06,13.8,4,1.34,7.8,False,13.8,1.34
u07,2026-04-07,13.3,6,1.17,11.55,False,13.3,1.17
u07,2026-04-08,12.5,4,1.3,7.11,False,12.5,1.3
u07,2026-04-09,13.9,4,0.99,5.51,False,13.9,0.99
u07,2026-04-10,13.8,3,0.97,6.53,False,13.8,0.97
u07,2026-04-11,19.7,4,1.16,7.56,False,19.7,1.16
u07,2026-04-12,17.7,4,1.15,7.02,False,17.7,1.15
u07,2026-04-13,11.3,6,1.07,9.91,False,11.3,1.07
u07,2026-04-14,14.8,4,1.09,7.46,False,14.8,1.09
u07,2026-04-15,16.1,5,1.11,8.11,False,16.1,1.11
u07,2026-04-16,12.6,4,1.48,7.76,False,12.6,1.48
u07,2026-04-17,14.9,6,1.04,11.02,False,14.9,1.04
u07,2026-04-18,20.4,2,0.93,4.8,False,20.4,0.93
u07,2026-04-19,17.2,3,1.32,6.17,False,17.2,1.32
u07,2026-04-20,12.6,3,1.08,4.59,False,12.6,1.08
u07,2026-04-21,15.5,3,1.0,3.54,False,15.5,1.0
u07,2026-04-22,16.4,6,1.18,10.74,False,16.4,1.18
u07,2026-04-23,13.2,6,1.47,10.55,False,13.2,1.47
u07,2026-04-24,14.2,5,1.16,10.06,True,14.2,1.16
u07,2026-04-25,17.5,1,0.89,2.47,False,17.5,0.89
u07,2026-04-26,18.7,2,0.92,4.72,False,18.7,0.92
u07,2026-04-27,16.5,5,1.11,10.76,False,16.5,1.11
u07,2026-04-28,13.3,6,1.09,12.3,False,13.3,1.09
u07,2026-04-29,14.1,3,1.27,4.38,True,14.1,1.27
u07,2026-04-30,12.0,4,1.26,7.63,False,12.0,1.26
u07,2026-05-01,14.7,4,1.09,7.09,False,14.7,1.09
u07,2026-05-02,19.0,1,1.12,1.74,False,19.0,1.12
u07,2026-05-03,17.4,1,1.2,1.53,False,17.4,1.2
u07,2026-05-04,10.6,4,1.25,6.93,False,10.6,1.25
u07,2026-05-05,12.3,6,1.34,11.53,False,12.3,1.34
u07,2026-05-06,16.6,5,1.19,8.82,False,16.6,1.19
u07,2026-05-07,12.9,3,1.03,5.35,False,12.9,1.03
u07,2026-05-08,13.2,3,1.15,4.01,False,13.2,1.15
u07,2026-05-09,20.5,2,0.89,2.99,False,20.5,0.89
u07,2026-05-10,16.3,2,1.05,3.85,False,16.3,1.05
u07,2026-05-11,14.4,3,1.44,7.63,False,14.4,1.44
u07,2026-05-12,13.4,6,1.29,11.41,False,13.4,1.29
u07,2026-05-13,14.8,6,1.08,10.29,False,14.8,1.08
u07,2026-05-14,12.7,4,1.36,7.05,False,12.7,1.36
u07,2026-05-15,10.9,5,1.62,8.34,False,10.9,1.62
u07,2026-05-16,16.4,2,1.08,4.34,False,16.4,1.08
u07,2026-05-17,20.0,4,0.7,6.12,False,20.0,0.7
u07,2026-05-18,13.4,4,1.42,8.22,False,13.4,1.42
u07,2026-05-19,14.4,4,1.06,6.75,True,14.4,1.06
u07,2026-05-20,14.7,6,1.3,11.1,False,14.7,1.3
u07,2026-05-21,13.6,6,0.98,12.19,False,13.6,0.98
u07,2026-05-22,14.2,3,1.2,7.28,False,14.2,1.2
u07,2026-05-23,16.3,2,0.83,3.24,False,16.3,0.83
u07,2026-05-24,15.4,4,1.39,7.66,False,15.4,1.39
u07,2026-05-25,16.4,5,0.95,10.28,False,16.4,0.95
u07,2026-05-26,14.5,5,1.46,9.42,False,14.5,1.46
u07,2026-05-27,14.5,3,1.0,6.37,False,14.5,1.0
u07,2026-05-28,11.2,4,1.59,7.05,False,11.2,1.59
u07,2026-05-29,16.8,3,1.03,7.16,True,16.8,1.03
u07,2026-05-30,19.4,4,1.28,8.38,True,19.4,1.28
u07,2026-05-31,18.3,2,1.07,2.08,False,18.3,1.07
u07,2026-06-01,15.1,3,1.35,5.67,False,15.1,1.35
u07,2026-06-02,11.8,5,1.12,7.84,True,11.8,1.12
u07,2026-06-03,14.3,4,1.1,7.08,False,14.3,1.1
u07,2026-06-04,15.8,4,1.17,7.29,False,15.8,1.17
u07,2026-06-05,12.2,6,1.23,9.98,False,12.2,1.23
u08,2026-02-14,16.3,2,1.22,4.65,False,16.3,1.22
u08,2026-02-15,16.2,3,1.37,5.86,False,16.2,1.37
u08,2026-02-16,13.8,4,1.06,7.89,False,13.8,1.06
u08,2026-02-17,14.9,3,1.1,7.01,False,14.9,1.1
u08,2026-02-18,15.1,3,1.27,5.33,False,15.1,1.27
u08,2026-02-19,14.0,3,1.25,4.56,False,14.0,1.25
u08,2026-02-20,15.9,3,0.9,4.7,False,15.9,0.9
u08,2026-02-21,19.1,3,1.18,7.24,False,19.1,1.18
u08,2026-02-22,18.5,4,1.19,7.41,False,18.5,1.19
u08,2026-02-23,14.5,4,1.13,7.05,False,14.5,1.13
u08,2026-02-24,15.0,4,0.89,7.76,False,15.0,0.89
u08,2026-02-25,12.5,6,1.05,12.37,False,12.5,1.05
u08,2026-02-26,11.0,4,1.43,9.04,False,11.0,1.43
u08,2026-02-27,13.7,6,1.39,9.48,False,13.7,1.39
u08,2026-02-28,20.4,4,1.16,7.64,False,20.4,1.16
u08,2026-03-01,17.8,2,0.97,3.04,False,17.8,0.97
u08,2026-03-02,14.1,4,1.16,6.21,False,14.1,1.16
u08,2026-03-03,12.6,5,1.21,8.91,True,12.6,1.21
u08,2026-03-04,14.2,5,1.47,9.09,False,14.2,1.47
u08,2026-03-05,15.6,6,1.2,12.03,False,15.6,1.2
u08,2026-03-06,13.6,4,1.1,6.75,False,13.6,1.1
u08,2026-03-07,16.4,1,1.08,0.95,False,16.4,1.08
u08,2026-03-08,18.7,4,1.17,8.34,False,18.7,1.17
u08,2026-03-09,17.2,5,1.25,8.55,False,17.2,1.25
u08,2026-03-10,14.1,5,1.29,9.34,False,14.1,1.29
u08,2026-03-11,15.5,5,1.13,10.32,False,15.5,1.13
u08,2026-03-12,12.8,5,1.1,9.17,False,12.8,1.1
u08,2026-03-13,15.6,4,1.07,7.11,False,15.6,1.07
u08,2026-03-14,17.3,4,1.08,6.69,False,17.3,1.08
u08,2026-03-15,19.4,3,0.83,5.44,True,19.4,0.83
u08,2026-03-16,11.6,4,1.08,9.03,True,11.6,1.08
u08,2026-03-17,14.4,5,1.26,10.61,True,14.4,1.26
u08,2026-03-18,14.9,6,1.01,10.15,False,14.9,1.01
u08,2026-03-19,11.8,4,1.16,5.53,False,11.8,1.16
u08,2026-03-20,14.6,3,1.04,4.98,False,14.6,1.04
u08,2026-03-21,18.7,1,0.69,2.03,False,18.7,0.69
u08,2026-03-22,15.8,2,1.41,3.87,True,15.8,1.41
u08,2026-03-23,14.2,5,1.24,7.91,False,14.2,1.24
u08,2026-03-24,14.9,3,1.47,5.93,False,14.9,1.47
u08,2026-03-25,12.9,3,1.05,3.97,False,12.9,1.05
u08,2026-03-26,13.3,6,1.11,10.71,False,13.3,1.11
u08,2026-03-27,14.2,3,1.19,5.34,True,14.2,1.19
u08,2026-03-28,18.2,4,1.0,7.18,False,18.2,1.0
u08,2026-03-29,18.5,2,1.05,4.14,False,18.5,1.05
u08,2026-03-30,15.9,3,0.95,5.44,False,15.9,0.95
u08,2026-03-31,10.9,4,1.27,9.38,False,10.9,1.27
u08,2026-04-01,13.8,3,0.9,6.45,True,13.8,0.9
u08,2026-04-02,12.1,6,1.25,12.15,False,12.1,1.25
u08,2026-04-03,15.7,4,1.1,7.24,False,15.7,1.1
u08,2026-04-04,18.6,4,1.22,7.53,False,18.6,1.22
u08,2026-04-05,16.1,1,1.31,2.86,False,16.1,1.31
u08,2026-04-06,13.8,4,1.25,7.56,False,13.8,1.25
u08,2026-04-07,15.9,5,0.96,8.56,False,15.9,0.96
u08,2026-04-08,16.2,3,1.03,6.19,False,16.2,1.03
u08,2026-04-09,13.9,5,1.21,8.61,True,13.9,1.21
u08,2026-04-10,14.5,5,1.29,9.76,False,14.5,1.29
u08,2026-04-11,19.7,3,1.13,5.35,False,19.7,1.13
u08,2026-04-12,16.0,1,1.14,1.96,True,16.0,1.14
u08,2026-04-13,12.1,6,1.22,12.18,False,12.1,1.22
u08,2026-04-14,13.8,3,1.11,5.62,False,13.8,1.11
u08,2026-04-15,13.9,5,1.11,9.86,False,13.9,1.11
u08,2026-04-16,14.0,6,1.09,10.83,False,14.0,1.09
u08,2026-04-17,16.1,3,1.17,6.01,False,16.1,1.17
u08,2026-04-18,18.7,2,1.14,3.44,False,18.7,1.14
u08,2026-04-19,20.6,2,0.82,4.67,False,20.6,0.82
u08,2026-04-20,13.2,4,1.29,10.02,False,13.2,1.29
u08,2026-04-21,15.1,4,1.01,8.08,False,15.1,1.01
u08,2026-04-22,15.4,6,1.2,10.06,False,15.4,1.2
u08,2026-04-23,14.8,4,1.12,6.54,False,14.8,1.12
u08,2026-04-24,12.8,5,1.4,8.29,False,12.8,1.4
u08,2026-04-25,17.7,3,1.24,5.53,False,17.7,1.24
u08,2026-04-26,18.3,1,1.13,0.7,False,18.3,1.13
u08,2026-04-27,13.4,4,1.51,6.48,False,13.4,1.51
u08,2026-04-28,15.1,4,1.12,8.26,False,15.1,1.12
u08,2026-04-29,16.0,4,1.26,5.19,False,16.0,1.26
u08,2026-04-30,12.4,6,1.41,10.19,False,12.4,1.41
u08,2026-05-01,13.7,5,1.12,9.75,False,13.7,1.12
u08,2026-05-02,16.5,1,1.28,1.17,False,16.5,1.28
u08,2026-05-03,15.6,1,1.26,1.07,False,15.6,1.26
u08,2026-05-04,14.9,4,1.04,7.92,False,14.9,1.04
u08,2026-05-05,11.1,5,1.37,9.14,False,11.1,1.37
u08,2026-05-06,14.8,6,1.2,10.33,False,14.8,1.2
u08,2026-05-07,11.9,6,1.71,10.37,False,11.9,1.71
u08,2026-05-08,13.8,6,1.15,9.4,False,13.8,1.15
u08,2026-05-09,17.1,1,1.31,2.37,False,17.1,1.31
u08,2026-05-10,20.5,4,0.98,6.69,False,20.5,0.98
u08,2026-05-11,12.5,3,1.0,4.74,False,12.5,1.0
u08,2026-05-12,11.6,5,1.2,9.35,False,11.6,1.2
u08,2026-05-13,16.8,3,1.02,7.07,False,16.8,1.02
u08,2026-05-14,15.6,3,1.43,5.8,True,15.6,1.43
u08,2026-05-15,16.0,6,1.0,10.34,False,16.0,1.0
u08,2026-05-16,17.8,3,0.51,5.22,False,17.8,0.51
u08,2026-05-17,19.0,2,0.91,3.9,True,19.0,0.91
u08,2026-05-18,15.0,5,1.42,9.13,False,15.0,1.42
u08,2026-05-19,14.9,4,1.5,5.38,False,14.9,1.5
u08,2026-05-20,10.6,6,1.3,8.45,False,10.6,1.3
u08,2026-05-21,11.6,3,1.4,6.04,True,11.6,1.4
u08,2026-05-22,12.8,5,1.15,8.92,False,12.8,1.15
u08,2026-05-23,17.3,3,1.28,6.48,False,17.3,1.28
u08,2026-05-24,16.4,3,0.92,4.13,False,16.4,0.92
u08,2026-05-25,12.1,5,1.2,8.75,False,12.1,1.2
u08,2026-05-26,17.5,4,1.31,7.56,False,17.5,1.31
u08,2026-05-27,13.6,6,1.14,10.88,False,13.6,1.14
u08,2026-05-28,18.5,5,0.96,8.44,False,18.5,0.96
u08,2026-05-29,14.4,5,1.36,8.69,False,14.4,1.36
u08,2026-05-30,17.9,4,1.04,5.6,False,17.9,1.04
u08,2026-05-31,17.4,2,1.31,3.09,False,17.4,1.31
u08,2026-06-01,15.7,6,1.09,10.58,False,15.7,1.09
u08,2026-06-02,12.3,5,1.51,10.17,False,12.3,1.51
u08,2026-06-03,16.1,6,1.09,8.95,False,16.1,1.09
u08,2026-06-04,12.1,4,1.15,6.32,False,12.1,1.15
u08,2026-06-05,15.1,4,1.18,7.66,False,15.1,1.18
u09,2026-02-14,15.8,4,1.26,8.94,False,15.8,1.26
u09,2026-02-15,17.7,4,0.83,5.39,False,17.7,0.83
u09,2026-02-16,13.2,3,1.09,5.35,False,13.2,1.09
u09,2026-02-17,12.9,3,1.19,6.58,False,12.9,1.19
u09,2026-02-18,13.1,5,1.37,9.07,False,13.1,1.37
u09,2026-02-19,15.0,4,1.05,5.47,False,15.0,1.05
u09,2026-02-20,14.4,5,1.02,7.06,False,14.4,1.02
u09,2026-02-21,16.9,4,1.04,6.95,False,16.9,1.04
u09,2026-02-22,19.0,2,0.81,4.0,False,19.0,0.81
u09,2026-02-23,13.2,6,1.15,11.06,False,13.2,1.15
u09,2026-02-24,10.7,6,1.12,9.58,False,10.7,1.12
u09,2026-02-25,12.2,6,1.32,12.44,False,12.2,1.32
u09,2026-02-26,12.5,4,1.25,6.4,False,12.5,1.25
u09,2026-02-27,14.5,3,0.9,5.98,False,14.5,0.9
u09,2026-02-28,16.9,2,1.1,3.62,False,16.9,1.1
u09,2026-03-01,15.7,3,1.07,5.79,False,15.7,1.07
u09,2026-03-02,12.6,4,1.59,7.29,False,12.6,1.59
u09,2026-03-03,13.3,4,1.34,7.16,False,13.3,1.34
u09,2026-03-04,12.7,5,1.55,9.26,False,12.7,1.55
u09,2026-03-05,12.9,4,1.31,8.7,False,12.9,1.31
u09,2026-03-06,14.3,6,1.24,9.58,False,14.3,1.24
u09,2026-03-07,20.3,1,0.7,0.91,False,20.3,0.7
u09,2026-03-08,17.8,3,0.84,3.59,False,17.8,0.84
u09,2026-03-09,15.3,5,1.02,11.02,False,15.3,1.02
u09,2026-03-10,13.9,5,1.31,7.68,False,13.9,1.31
u09,2026-03-11,14.1,4,1.02,7.23,False,14.1,1.02
u09,2026-03-12,16.6,4,1.29,6.63,False,16.6,1.29
u09,2026-03-13,15.0,3,1.16,6.54,False,15.0,1.16
u09,2026-03-14,17.1,3,1.25,5.64,False,17.1,1.25
u09,2026-03-15,18.3,3,0.86,5.3,False,18.3,0.86
u09,2026-03-16,15.3,6,1.08,11.69,False,15.3,1.08
u09,2026-03-17,12.9,5,1.2,9.79,False,12.9,1.2
u09,2026-03-18,13.2,3,1.38,6.09,False,13.2,1.38
u09,2026-03-19,12.1,6,1.52,9.77,False,12.1,1.52
u09,2026-03-20,14.4,4,1.47,7.05,False,14.4,1.47
u09,2026-03-21,20.4,2,1.01,4.43,False,20.4,1.01
u09,2026-03-22,17.6,4,0.92,5.94,False,17.6,0.92
u09,2026-03-23,13.3,5,1.36,8.3,False,13.3,1.36
u09,2026-03-24,14.7,5,1.38,8.63,False,14.7,1.38
u09,2026-03-25,12.3,4,1.23,7.65,False,12.3,1.23
u09,2026-03-26,12.0,5,1.63,9.42,False,12.0,1.63
u09,2026-03-27,13.9,6,1.32,10.0,True,13.9,1.32
u09,2026-03-28,21.2,4,0.91,6.32,False,21.2,0.91
u09,2026-03-29,16.2,1,1.14,2.51,False,16.2,1.14
u09,2026-03-30,13.8,3,1.28,4.89,False,13.8,1.28
u09,2026-03-31,11.1,4,1.29,7.22,False,11.1,1.29
u09,2026-04-01,14.6,3,1.02,4.49,False,14.6,1.02
u09,2026-04-02,14.1,3,1.18,4.0,False,14.1,1.18
u09,2026-04-03,14.2,3,1.07,5.35,False,14.2,1.07
u09,2026-04-04,18.2,3,1.0,5.29,True,18.2,1.0
u09,2026-04-05,19.3,3,1.17,5.61,True,19.3,1.17
u09,2026-04-06,14.8,6,0.9,11.44,False,14.8,0.9
u09,2026-04-07,14.9,4,1.18,8.65,True,14.9,1.18
u09,2026-04-08,15.5,3,0.87,4.79,False,15.5,0.87
u09,2026-04-09,15.2,4,1.19,9.16,False,15.2,1.19
u09,2026-04-10,12.4,5,1.32,10.66,False,12.4,1.32
u09,2026-04-11,16.2,2,1.01,2.29,False,16.2,1.01
u09,2026-04-12,19.2,1,1.05,0.2,False,19.2,1.05
u09,2026-04-13,12.2,5,1.2,9.4,False,12.2,1.2
u09,2026-04-14,15.3,4,1.23,7.87,False,15.3,1.23
u09,2026-04-15,17.0,4,0.93,8.37,False,17.0,0.93
u09,2026-04-16,12.9,4,1.08,5.49,False,12.9,1.08
u09,2026-04-17,14.6,5,1.28,7.93,True,14.6,1.28
u09,2026-04-18,15.5,3,1.25,5.14,True,15.5,1.25
u09,2026-04-19,16.1,3,1.12,6.14,False,16.1,1.12
u09,2026-04-20,12.7,5,0.97,8.2,False,12.7,0.97
u09,2026-04-21,11.6,6,1.42,10.36,True,11.6,1.42
u09,2026-04-22,13.1,4,1.45,7.42,False,13.1,1.45
u09,2026-04-23,13.5,3,1.28,5.07,False,13.5,1.28
u09,2026-04-24,14.5,6,1.26,11.57,False,14.5,1.26
u09,2026-04-25,17.6,2,0.97,2.58,False,17.6,0.97
u09,2026-04-26,19.0,2,0.97,1.76,False,19.0,0.97
u09,2026-04-27,13.8,6,1.33,8.97,False,13.8,1.33
u09,2026-04-28,11.4,4,1.38,5.67,False,11.4,1.38
u09,2026-04-29,13.9,5,0.78,9.3,False,13.9,0.78
u09,2026-04-30,13.0,5,1.06,9.92,False,13.0,1.06
u09,2026-05-01,12.3,4,1.36,7.5,False,12.3,1.36
u09,2026-05-02,16.9,1,1.19,3.34,False,16.9,1.19
u09,2026-05-03,17.2,3,1.12,6.74,False,17.2,1.12
u09,2026-05-04,13.0,6,1.24,10.94,False,13.0,1.24
u09,2026-05-05,13.4,4,1.37,5.91,False,13.4,1.37
u09,2026-05-06,13.4,3,1.12,4.46,False,13.4,1.12
u09,2026-05-07,16.2,3,0.91,5.93,False,16.2,0.91
u09,2026-05-08,14.0,4,1.1,7.63,False,14.0,1.1
u09,2026-05-09,17.5,1,0.88,0.29,False,17.5,0.88
u09,2026-05-10,16.1,3,1.07,3.54,False,16.1,1.07
u09,2026-05-11,14.5,6,0.98,11.06,False,14.5,0.98
u09,2026-05-12,12.9,3,1.42,6.23,False,12.9,1.42
u09,2026-05-13,15.5,4,1.28,6.06,False,15.5,1.28
u09,2026-05-14,15.1,6,1.25,12.07,False,15.1,1.25
u09,2026-05-15,13.5,6,1.27,10.28,False,13.5,1.27
u09,2026-05-16,16.7,3,0.83,6.91,False,16.7,0.83
u09,2026-05-17,16.8,4,1.01,7.47,False,16.8,1.01
u09,2026-05-18,16.5,5,0.9,9.26,True,16.5,0.9
u09,2026-05-19,12.2,6,1.25,9.74,False,12.2,1.25
u09,2026-05-20,12.4,4,1.55,10.5,False,12.4,1.55
u09,2026-05-21,13.4,3,1.2,5.43,False,13.4,1.2
u09,2026-05-22,11.6,3,1.21,7.6,False,11.6,1.21
u09,2026-05-23,18.4,1,0.78,0.94,False,18.4,0.78
u09,2026-05-24,16.2,4,1.02,7.11,False,16.2,1.02
u09,2026-05-25,12.4,3,1.33,5.97,False,12.4,1.33
u09,2026-05-26,16.5,5,1.15,8.59,False,16.5,1.15
u09,2026-05-27,14.1,5,1.24,10.1,False,14.1,1.24
u09,2026-05-28,13.9,4,1.16,6.49,False,13.9,1.16
u09,2026-05-29,15.9,3,1.11,3.71,False,15.9,1.11
u09,2026-05-30,17.5,2,0.84,4.77,False,17.5,0.84
u09,2026-05-31,20.0,4,1.33,6.02,False,20.0,1.33
u09,2026-06-01,16.6,5,0.84,10.29,False,16.6,0.84
u09,2026-06-02,11.7,5,1.35,9.36,False,11.7,1.35
u09,2026-06-03,9.2,5,1.33,8.72,False,9.2,1.33
u09,2026-06-04,13.3,4,1.38,7.75,False,13.3,1.38
u09,2026-06-05,14.0,5,1.12,6.54,False,14.0,1.12
u10,2026-02-14,19.3,1,1.1,0.2,False,19.3,1.1
u10,2026-02-15,16.9,2,1.09,4.19,False,16.9,1.09
u10,2026-02-16,12.0,3,1.26,4.76,False,12.0,1.26
u10,2026-02-17,14.7,4,1.31,7.69,False,14.7,1.31
u10,2026-02-18,13.4,3,1.28,6.01,False,13.4,1.28
u10,2026-02-19,14.7,5,1.31,7.9,False,14.7,1.31
u10,2026-02-20,15.8,4,1.06,5.91,False,15.8,1.06
u10,2026-02-21,14.4,4,1.32,6.46,False,14.4,1.32
u10,2026-02-22,19.3,2,0.77,3.43,False,19.3,0.77
u10,2026-02-23,12.8,4,1.33,8.26,False,12.8,1.33
u10,2026-02-24,14.6,5,1.03,8.08,False,14.6,1.03
u10,2026-02-25,14.8,5,0.85,7.67,False,14.8,0.85
u10,2026-02-26,13.0,3,1.4,5.75,False,13.0,1.4
u10,2026-02-27,13.7,3,0.93,5.66,False,13.7,0.93
u10,2026-02-28,17.3,2,1.24,5.3,False,17.3,1.24
u10,2026-03-01,14.3,4,1.32,8.06,False,14.3,1.32
u10,2026-03-02,13.1,6,1.25,11.03,False,13.1,1.25
u10,2026-03-03,12.6,5,1.26,9.52,False,12.6,1.26
u10,2026-03-04,17.4,4,1.15,6.96,False,17.4,1.15
u10,2026-03-05,15.2,5,1.01,8.64,True,15.2,1.01
u10,2026-03-06,17.4,5,1.08,8.3,False,17.4,1.08
u10,2026-03-07,18.4,1,1.11,2.55,False,18.4,1.11
u10,2026-03-08,19.2,1,1.16,0.46,False,19.2,1.16
u10,2026-03-09,14.5,3,1.16,4.61,False,14.5,1.16
u10,2026-03-10,13.9,6,1.14,9.91,True,13.9,1.14
u10,2026-03-11,11.2,6,1.76,11.2,False,11.2,1.76
u10,2026-03-12,16.0,5,1.07,7.87,True,16.0,1.07
u10,2026-03-13,15.2,3,1.08,7.47,False,15.2,1.08
u10,2026-03-14,18.9,4,0.93,7.85,False,18.9,0.93
u10,2026-03-15,19.0,4,0.95,5.46,False,19.0,0.95
u10,2026-03-16,11.5,6,1.03,10.48,False,11.5,1.03
u10,2026-03-17,10.5,5,1.29,10.04,False,10.5,1.29
u10,2026-03-18,13.4,6,1.51,11.51,False,13.4,1.51
u10,2026-03-19,18.3,5,0.95,7.22,False,18.3,0.95
u10,2026-03-20,11.4,5,1.41,10.14,False,11.4,1.41
u10,2026-03-21,17.8,2,1.12,3.42,False,17.8,1.12
u10,2026-03-22,19.0,2,0.98,1.46,False,19.0,0.98
u10,2026-03-23,14.6,6,1.09,10.99,True,14.6,1.09
u10,2026-03-24,13.8,5,0.94,10.49,False,13.8,0.94
u10,2026-03-25,13.8,3,1.41,4.69,True,13.8,1.41
u10,2026-03-26,12.8,6,1.22,10.34,True,12.8,1.22
u10,2026-03-27,13.8,6,1.27,8.45,False,13.8,1.27
u10,2026-03-28,20.3,4,0.84,7.57,False,20.3,0.84
u10,2026-03-29,20.1,2,1.09,4.28,False,20.1,1.09
u10,2026-03-30,13.2,6,1.13,10.5,True,13.2,1.13
u10,2026-03-31,11.3,4,1.23,8.73,False,11.3,1.23
u10,2026-04-01,13.2,3,1.14,7.17,False,13.2,1.14
u10,2026-04-02,14.6,3,1.23,6.65,False,14.6,1.23
u10,2026-04-03,14.2,5,1.1,9.18,False,14.2,1.1
u10,2026-04-04,17.5,3,1.01,5.61,False,17.5,1.01
u10,2026-04-05,16.8,2,1.06,2.3,False,16.8,1.06
u10,2026-04-06,11.7,4,1.33,8.76,False,11.7,1.33
u10,2026-04-07,15.5,5,1.01,8.21,False,15.5,1.01
u10,2026-04-08,17.2,5,1.02,9.46,True,17.2,1.02
u10,2026-04-09,17.1,6,1.14,12.29,False,17.1,1.14
u10,2026-04-10,12.8,4,1.24,9.13,False,12.8,1.24
u10,2026-04-11,18.2,1,1.11,2.29,False,18.2,1.11
u10,2026-04-12,17.2,4,0.91,6.84,False,17.2,0.91
u10,2026-04-13,16.4,4,1.13,8.65,False,16.4,1.13
u10,2026-04-14,12.2,6,1.29,11.73,False,12.2,1.29
u10,2026-04-15,13.3,5,0.89,8.4,True,13.3,0.89
u10,2026-04-16,14.4,3,0.99,4.91,False,14.4,0.99
u10,2026-04-17,14.6,4,0.97,6.42,False,14.6,0.97
u10,2026-04-18,15.8,3,1.16,4.87,False,15.8,1.16
u10,2026-04-19,18.3,4,1.17,6.98,False,18.3,1.17
u10,2026-04-20,14.7,5,1.17,9.19,False,14.7,1.17
u10,2026-04-21,11.6,6,1.02,11.93,False,11.6,1.02
u10,2026-04-22,14.0,6,0.97,10.26,False,14.0,0.97
u10,2026-04-23,13.3,3,1.36,4.61,False,13.3,1.36
u10,2026-04-24,16.2,5,1.34,9.2,False,16.2,1.34
u10,2026-04-25,16.7,4,1.22,8.45,False,16.7,1.22
u10,2026-04-26,16.9,1,1.19,1.99,False,16.9,1.19
u10,2026-04-27,14.6,4,1.4,6.97,False,14.6,1.4
u10,2026-04-28,13.5,3,1.14,4.11,False,13.5,1.14
u10,2026-04-29,14.1,4,0.98,7.31,False,14.1,0.98
u10,2026-04-30,17.0,4,1.28,6.0,False,17.0,1.28
u10,2026-05-01,14.6,3,1.05,4.26,False,14.6,1.05
u10,2026-05-02,18.3,1,0.74,0.44,False,18.3,0.74
u10,2026-05-03,19.1,3,0.82,4.57,False,19.1,0.82
u10,2026-05-04,13.5,3,1.21,5.33,True,13.5,1.21
u10,2026-05-05,14.1,6,1.26,10.5,False,14.1,1.26
u10,2026-05-06,15.1,4,1.1,6.75,False,15.1,1.1
u10,2026-05-07,13.1,4,1.36,5.91,False,13.1,1.36
u10,2026-05-08,13.1,3,1.28,7.03,False,13.1,1.28
u10,2026-05-09,19.9,3,0.92,6.18,False,19.9,0.92
u10,2026-05-10,18.7,2,1.07,2.09,False,18.7,1.07
u10,2026-05-11,14.6,6,1.33,10.22,False,14.6,1.33
u10,2026-05-12,14.3,5,1.18,8.14,False,14.3,1.18
u10,2026-05-13,13.1,5,1.45,8.84,False,13.1,1.45
u10,2026-05-14,15.0,3,1.0,4.81,False,15.0,1.0
u10,2026-05-15,16.1,6,1.04,9.92,False,16.1,1.04
u10,2026-05-16,19.1,4,0.91,6.0,False,19.1,0.91
u10,2026-05-17,17.6,3,1.2,5.75,False,17.6,1.2
u10,2026-05-18,14.5,5,1.12,9.8,False,14.5,1.12
u10,2026-05-19,14.6,5,1.27,8.18,False,14.6,1.27
u10,2026-05-20,15.3,4,1.02,8.03,False,15.3,1.02
u10,2026-05-21,13.3,6,0.97,9.39,False,13.3,0.97
u10,2026-05-22,17.0,6,1.14,11.21,False,17.0,1.14
u10,2026-05-23,17.2,3,0.98,5.04,True,17.2,0.98
u10,2026-05-24,19.3,2,0.98,3.09,False,19.3,0.98
u10,2026-05-25,15.5,3,1.49,3.49,False,15.5,1.49
u10,2026-05-26,16.4,6,1.02,10.14,False,16.4,1.02
u10,2026-05-27,15.4,3,1.3,5.06,False,15.4,1.3
u10,2026-05-28,15.4,4,1.3,6.43,False,15.4,1.3
u10,2026-05-29,14.6,6,0.96,8.66,False,14.6,0.96
u10,2026-05-30,18.7,3,1.01,6.15,False,18.7,1.01
u10,2026-05-31,19.7,2,1.08,2.13,False,19.7,1.08
u10,2026-06-01,14.2,5,1.56,9.38,False,14.2,1.56
u10,2026-06-02,14.8,6,1.01,9.85,False,14.8,1.01
u10,2026-06-03,14.7,6,1.24,10.61,False,14.7,1.24
u10,2026-06-04,14.3,4,1.12,7.92,False,14.3,1.12
u10,2026-06-05,14.4,5,1.19,8.42,False,14.4,1.19
u11,2026-02-14,19.5,3,0.89,4.48,False,19.5,0.89
u11,2026-02-15,20.0,4,0.93,5.93,False,20.0,0.93
u11,2026-02-16,10.4,3,1.36,6.33,False,10.4,1.36
u11,2026-02-17,13.5,6,1.2,9.08,True,13.5,1.2
u11,2026-02-18,12.8,5,1.29,10.0,False,12.8,1.29
u11,2026-02-19,12.1,4,1.11,8.39,False,12.1,1.11
u11,2026-02-20,16.6,6,1.11,9.56,True,16.6,1.11
u11,2026-02-21,18.7,1,1.04,1.04,False,18.7,1.04
u11,2026-02-22,17.5,3,1.05,5.99,False,17.5,1.05
u11,2026-02-23,12.4,5,1.4,8.93,False,12.4,1.4
u11,2026-02-24,14.2,5,1.07,9.31,True,14.2,1.07
u11,2026-02-25,12.8,4,1.55,7.55,False,12.8,1.55
u11,2026-02-26,13.9,3,1.42,8.07,False,13.9,1.42
u11,2026-02-27,12.8,6,1.39,10.28,True,12.8,1.39
u11,2026-02-28,19.0,4,1.09,6.82,False,19.0,1.09
u11,2026-03-01,19.8,2,1.0,3.16,False,19.8,1.0
u11,2026-03-02,12.7,6,1.3,10.67,False,12.7,1.3
u11,2026-03-03,14.9,5,1.09,9.75,False,14.9,1.09
u11,2026-03-04,13.3,3,1.1,5.41,False,13.3,1.1
u11,2026-03-05,13.6,6,1.25,11.8,False,13.6,1.25
u11,2026-03-06,13.9,6,1.19,12.31,False,13.9,1.19
u11,2026-03-07,17.8,1,0.82,1.72,False,17.8,0.82
u11,2026-03-08,17.4,2,1.09,3.42,False,17.4,1.09
u11,2026-03-09,13.3,6,1.05,12.16,False,13.3,1.05
u11,2026-03-10,14.0,5,0.97,9.1,False,14.0,0.97
u11,2026-03-11,15.3,6,1.12,9.55,False,15.3,1.12
u11,2026-03-12,14.0,6,1.17,9.09,False,14.0,1.17
u11,2026-03-13,14.9,5,1.3,8.91,True,14.9,1.3
u11,2026-03-14,17.9,1,0.8,2.27,False,17.9,0.8
u11,2026-03-15,18.1,3,1.17,5.83,False,18.1,1.17
u11,2026-03-16,15.3,3,0.85,4.64,False,15.3,0.85
u11,2026-03-17,13.8,6,1.04,10.31,False,13.8,1.04
u11,2026-03-18,13.6,5,0.87,9.34,False,13.6,0.87
u11,2026-03-19,16.7,3,1.05,5.82,False,16.7,1.05
u11,2026-03-20,13.7,6,1.25,10.59,False,13.7,1.25
u11,2026-03-21,17.3,4,1.1,9.32,False,17.3,1.1
u11,2026-03-22,17.5,3,1.17,6.3,False,17.5,1.17
u11,2026-03-23,14.6,4,1.23,7.66,False,14.6,1.23
u11,2026-03-24,13.0,5,1.24,9.96,True,13.0,1.24
u11,2026-03-25,15.4,6,1.14,10.71,False,15.4,1.14
u11,2026-03-26,14.5,4,1.17,5.31,False,14.5,1.17
u11,2026-03-27,13.4,4,1.27,7.66,False,13.4,1.27
u11,2026-03-28,18.6,2,1.0,3.68,True,18.6,1.0
u11,2026-03-29,18.6,1,0.72,3.29,False,18.6,0.72
u11,2026-03-30,14.1,6,1.33,10.96,False,14.1,1.33
u11,2026-03-31,17.1,3,1.26,5.76,False,17.1,1.26
u11,2026-04-01,14.7,4,1.07,7.24,False,14.7,1.07
u11,2026-04-02,16.4,3,1.13,5.26,False,16.4,1.13
u11,2026-04-03,12.5,5,1.22,8.62,False,12.5,1.22
u11,2026-04-04,18.3,4,1.2,8.73,False,18.3,1.2
u11,2026-04-05,17.4,4,1.27,6.67,False,17.4,1.27
u11,2026-04-06,16.0,3,1.13,6.26,False,16.0,1.13
u11,2026-04-07,16.2,5,1.15,8.31,True,16.2,1.15
u11,2026-04-08,12.8,6,1.26,10.38,True,12.8,1.26
u11,2026-04-09,14.3,6,1.07,11.44,True,14.3,1.07
u11,2026-04-10,13.1,5,1.23,9.07,False,13.1,1.23
u11,2026-04-11,18.7,1,1.18,2.53,False,18.7,1.18
u11,2026-04-12,17.2,3,1.01,5.96,False,17.2,1.01
u11,2026-04-13,12.2,5,1.45,9.7,False,12.2,1.45
u11,2026-04-14,16.7,6,1.26,10.04,False,16.7,1.26
u11,2026-04-15,13.3,3,1.13,5.54,False,13.3,1.13
u11,2026-04-16,11.7,6,0.96,10.77,False,11.7,0.96
u11,2026-04-17,13.1,4,1.19,7.28,False,13.1,1.19
u11,2026-04-18,17.5,3,1.11,5.67,False,17.5,1.11
u11,2026-04-19,17.7,1,1.26,0.98,False,17.7,1.26
u11,2026-04-20,13.7,6,1.46,10.93,False,13.7,1.46
u11,2026-04-21,12.1,3,1.21,6.27,False,12.1,1.21
u11,2026-04-22,12.6,5,0.95,10.17,False,12.6,0.95
u11,2026-04-23,14.2,4,1.27,5.65,False,14.2,1.27
u11,2026-04-24,15.4,4,0.83,7.98,False,15.4,0.83
u11,2026-04-25,16.0,3,1.15,5.39,False,16.0,1.15
u11,2026-04-26,18.0,2,1.32,4.44,False,18.0,1.32
u11,2026-04-27,11.8,6,1.01,11.84,False,11.8,1.01
u11,2026-04-28,14.5,4,1.21,7.1,True,14.5,1.21
u11,2026-04-29,12.3,4,1.37,5.99,True,12.3,1.37
u11,2026-04-30,13.7,5,1.25,9.78,False,13.7,1.25
u11,2026-05-01,15.8,3,1.14,4.82,False,15.8,1.14
u11,2026-05-02,18.7,1,0.82,1.67,False,18.7,0.82
u11,2026-05-03,19.0,3,0.99,4.25,True,19.0,0.99
u11,2026-05-04,13.7,6,1.2,12.61,False,13.7,1.2
u11,2026-05-05,11.8,4,1.35,7.08,False,11.8,1.35
u11,2026-05-06,14.1,4,0.92,7.61,False,14.1,0.92
u11,2026-05-07,13.4,6,1.14,10.79,True,13.4,1.14
u11,2026-05-08,13.1,4,1.06,8.77,False,13.1,1.06
u11,2026-05-09,14.8,2,1.24,3.25,False,14.8,1.24
u11,2026-05-10,18.1,4,1.06,7.52,False,18.1,1.06
u11,2026-05-11,13.2,4,1.17,6.42,False,13.2,1.17
u11,2026-05-12,15.4,3,0.96,4.04,False,15.4,0.96
u11,2026-05-13,14.8,4,1.15,6.99,True,14.8,1.15
u11,2026-05-14,11.8,3,1.25,4.85,True,11.8,1.25
u11,2026-05-15,12.7,4,1.13,6.54,False,12.7,1.13
u11,2026-05-16,17.8,3,1.14,5.93,False,17.8,1.14
u11,2026-05-17,14.8,3,1.19,5.3,False,14.8,1.19
u11,2026-05-18,12.2,3,1.29,7.1,False,12.2,1.29
u11,2026-05-19,15.8,5,1.09,8.12,False,15.8,1.09
u11,2026-05-20,11.7,4,1.77,7.02,False,11.7,1.77
u11,2026-05-21,14.5,6,1.23,12.96,False,14.5,1.23
u11,2026-05-22,14.7,4,0.99,6.77,False,14.7,0.99
u11,2026-05-23,17.8,2,1.09,3.71,False,17.8,1.09
u11,2026-05-24,17.7,4,1.02,7.14,False,17.7,1.02
u11,2026-05-25,15.4,5,1.03,10.52,False,15.4,1.03
u11,2026-05-26,10.5,3,1.57,4.82,False,10.5,1.57
u11,2026-05-27,12.3,4,1.29,6.88,False,12.3,1.29
u11,2026-05-28,12.1,6,1.46,10.87,False,12.1,1.46
u11,2026-05-29,11.6,6,1.37,9.83,False,11.6,1.37
u11,2026-05-30,19.6,4,1.16,6.02,False,19.6,1.16
u11,2026-05-31,20.4,3,0.88,3.31,False,20.4,0.88
u11,2026-06-01,14.2,3,1.26,6.25,False,14.2,1.26
u11,2026-06-02,12.2,4,1.48,7.52,False,12.2,1.48
u11,2026-06-03,13.1,6,1.32,11.97,False,13.1,1.32
u11,2026-06-04,12.4,3,1.3,5.73,False,12.4,1.3
u11,2026-06-05,10.6,6,1.38,10.41,False,10.6,1.38
u12,2026-02-14,18.4,3,0.88,5.18,False,18.4,0.88
u12,2026-02-15,18.0,2,0.82,3.01,False,18.0,0.82
u12,2026-02-16,14.0,6,1.39,10.68,True,14.0,1.39
u12,2026-02-17,12.8,6,1.02,12.58,False,12.8,1.02
u12,2026-02-18,15.3,5,1.25,8.73,False,15.3,1.25
u12,2026-02-19,13.5,4,1.14,8.13,False,13.5,1.14
u12,2026-02-20,14.1,3,1.1,5.84,False,14.1,1.1
u12,2026-02-21,18.6,3,0.95,5.97,False,18.6,0.95
u12,2026-02-22,16.9,2,1.12,1.26,False,16.9,1.12
u12,2026-02-23,14.1,4,1.05,9.81,False,14.1,1.05
u12,2026-02-24,12.6,5,1.4,9.72,False,12.6,1.4
u12,2026-02-25,11.5,6,1.29,11.44,False,11.5,1.29
u12,2026-02-26,13.8,4,1.08,6.74,False,13.8,1.08
u12,2026-02-27,12.3,5,1.07,8.55,True,12.3,1.07
u12,2026-02-28,17.3,4,0.83,7.3,False,17.3,0.83
u12,2026-03-01,17.7,1,1.16,0.2,False,17.7,1.16
u12,2026-03-02,15.0,3,1.0,6.57,False,15.0,1.0
u12,2026-03-03,15.0,4,1.3,7.87,False,15.0,1.3
u12,2026-03-04,17.1,3,1.23,5.36,False,17.1,1.23
u12,2026-03-05,13.8,3,1.38,4.72,False,13.8,1.38
u12,2026-03-06,12.9,4,1.41,5.36,False,12.9,1.41
u12,2026-03-07,19.5,2,0.99,3.71,False,19.5,0.99
u12,2026-03-08,20.6,3,0.84,6.19,False,20.6,0.84
u12,2026-03-09,16.6,4,1.19,7.92,False,16.6,1.19
u12,2026-03-10,13.5,5,1.24,10.27,False,13.5,1.24
u12,2026-03-11,14.6,4,0.91,7.52,False,14.6,0.91
u12,2026-03-12,14.7,4,1.34,7.16,False,14.7,1.34
u12,2026-03-13,11.0,5,1.5,11.1,True,11.0,1.5
u12,2026-03-14,18.8,1,0.78,3.27,False,18.8,0.78
u12,2026-03-15,17.3,2,0.95,2.89,False,17.3,0.95
u12,2026-03-16,14.5,5,1.27,9.59,False,14.5,1.27
u12,2026-03-17,11.1,4,1.34,7.21,False,11.1,1.34
u12,2026-03-18,14.2,5,1.49,10.06,False,14.2,1.49
u12,2026-03-19,15.2,5,0.87,9.81,False,15.2,0.87
u12,2026-03-20,15.4,3,1.34,4.6,False,15.4,1.34
u12,2026-03-21,19.7,1,0.83,3.03,False,19.7,0.83
u12,2026-03-22,17.9,1,1.3,3.58,False,17.9,1.3
u12,2026-03-23,14.5,3,1.25,5.05,False,14.5,1.25
u12,2026-03-24,14.2,5,1.3,9.48,True,14.2,1.3
u12,2026-03-25,14.7,3,1.31,4.17,False,14.7,1.31
u12,2026-03-26,10.7,3,1.57,5.06,False,10.7,1.57
u12,2026-03-27,12.1,4,1.17,6.54,False,12.1,1.17
u12,2026-03-28,17.3,3,1.2,6.21,False,17.3,1.2
u12,2026-03-29,21.7,1,0.85,2.69,False,21.7,0.85
u12,2026-03-30,14.4,4,1.09,7.43,False,14.4,1.09
u12,2026-03-31,11.8,6,1.41,11.06,False,11.8,1.41
u12,2026-04-01,13.9,6,0.94,9.91,False,13.9,0.94
u12,2026-04-02,15.2,4,1.19,7.01,True,15.2,1.19
u12,2026-04-03,15.7,3,1.22,5.11,False,15.7,1.22
u12,2026-04-04,15.1,4,1.15,6.87,False,15.1,1.15
u12,2026-04-05,19.7,1,0.66,1.79,False,19.7,0.66
u12,2026-04-06,13.2,3,1.26,4.87,False,13.2,1.26
u12,2026-04-07,14.0,6,1.38,10.13,False,14.0,1.38
u12,2026-04-08,14.5,4,1.19,7.47,False,14.5,1.19
u12,2026-04-09,13.3,5,1.33,9.14,False,13.3,1.33
u12,2026-04-10,12.7,5,1.34,9.9,False,12.7,1.34
u12,2026-04-11,18.5,3,1.15,5.61,False,18.5,1.15
u12,2026-04-12,15.9,1,0.97,1.93,False,15.9,0.97
u12,2026-04-13,14.2,3,0.93,4.35,False,14.2,0.93
u12,2026-04-14,12.6,5,1.27,9.06,False,12.6,1.27
u12,2026-04-15,13.2,6,1.3,11.04,False,13.2,1.3
u12,2026-04-16,14.3,6,1.37,12.33,False,14.3,1.37
u12,2026-04-17,14.7,3,1.46,4.77,False,14.7,1.46
u12,2026-04-18,18.4,1,1.16,0.2,False,18.4,1.16
u12,2026-04-19,17.1,2,1.03,4.46,False,17.1,1.03
u12,2026-04-20,14.5,4,1.4,7.15,False,14.5,1.4
u12,2026-04-21,14.6,5,1.28,7.4,False,14.6,1.28
u12,2026-04-22,17.4,3,0.98,6.01,False,17.4,0.98
u12,2026-04-23,14.4,6,1.22,11.72,False,14.4,1.22
u12,2026-04-24,16.9,4,0.89,6.59,True,16.9,0.89
u12,2026-04-25,17.3,4,1.17,6.51,False,17.3,1.17
u12,2026-04-26,16.7,1,1.23,4.22,False,16.7,1.23
u12,2026-04-27,13.0,4,1.14,8.57,False,13.0,1.14
u12,2026-04-28,12.0,3,1.48,4.13,False,12.0,1.48
u12,2026-04-29,12.0,3,1.09,5.58,False,12.0,1.09
u12,2026-04-30,15.8,6,0.88,11.09,False,15.8,0.88
u12,2026-05-01,13.9,4,0.98,7.22,False,13.9,0.98
u12,2026-05-02,15.4,4,1.14,7.95,False,15.4,1.14
u12,2026-05-03,15.0,2,1.52,1.89,False,15.0,1.52
u12,2026-05-04,13.8,3,1.06,5.35,False,13.8,1.06
u12,2026-05-05,15.4,5,1.37,8.6,False,15.4,1.37
u12,2026-05-06,11.4,4,1.39,7.18,False,11.4,1.39
u12,2026-05-07,12.6,5,1.67,9.31,False,12.6,1.67
u12,2026-05-08,12.5,4,0.89,6.23,False,12.5,0.89
u12,2026-05-09,18.4,2,0.77,4.06,False,18.4,0.77
u12,2026-05-10,17.2,4,1.12,7.89,False,17.2,1.12
u12,2026-05-11,16.9,6,1.24,9.66,False,16.9,1.24
u12,2026-05-12,13.3,6,1.12,11.88,False,13.3,1.12
u12,2026-05-13,12.7,5,0.96,8.52,False,12.7,0.96
u12,2026-05-14,14.4,6,1.03,11.03,False,14.4,1.03
u12,2026-05-15,17.6,6,1.15,10.65,False,17.6,1.15
u12,2026-05-16,17.0,3,0.89,4.51,False,17.0,0.89
u12,2026-05-17,19.4,4,0.82,6.44,False,19.4,0.82
u12,2026-05-18,14.8,6,1.1,9.75,False,14.8,1.1
u12,2026-05-19,14.3,3,1.22,6.46,False,14.3,1.22
u12,2026-05-20,13.8,5,1.3,7.58,False,13.8,1.3
u12,2026-05-21,11.7,4,1.63,8.69,False,11.7,1.63
u12,2026-05-22,14.1,6,1.03,12.18,False,14.1,1.03
u12,2026-05-23,20.1,2,0.94,2.34,False,20.1,0.94
u12,2026-05-24,18.9,4,1.16,5.94,False,18.9,1.16
u12,2026-05-25,15.5,4,1.33,7.56,False,15.5,1.33
u12,2026-05-26,11.0,4,1.3,6.09,False,11.0,1.3
u12,2026-05-27,15.8,6,1.31,10.25,False,15.8,1.31
u12,2026-05-28,15.6,4,1.36,6.49,False,15.6,1.36
u12,2026-05-29,12.7,5,1.17,8.69,False,12.7,1.17
u12,2026-05-30,17.5,3,1.13,4.76,False,17.5,1.13
u12,2026-05-31,16.7,1,1.04,3.7,False,16.7,1.04
u12,2026-06-01,14.3,5,1.37,7.98,False,14.3,1.37
u12,2026-06-02,11.6,6,1.06,10.42,False,11.6,1.06
u12,2026-06-03,15.5,6,1.11,12.08,False,15.5,1.11
u12,2026-06-04,13.2,3,1.13,6.75,False,13.2,1.13
u12,2026-06-05,12.5,3,1.28,5.35,False,12.5,1.28
