user_id,date,total_screen_minutes,night_screen_minutes,pickups,social_app_minutes,first_use_hhmm,last_use_hhmm,is_imputed,f_screen:total,f_screen:night
u01,2026-02-14,213,15,48,90,6.4,22.7,False,213,15
u01,2026-02-15,343,14,50,150,6.7,23.2,True,343,14
u01,2026-02-16,254,8,48,96,6.0,22.7,True,254,8
u01,2026-02-17,257,12,36,97,7.3,22.7,False,257,12
u01,2026-02-18,199,12,32,92,6.1,22.8,False,199,12
u01,2026-02-19,292,10,53,116,7.4,22.0,False,292,10
u01,2026-02-20,304,9,40,126,6.5,22.3,False,304,9
u01,2026-02-21,279,16,43,110,7.2,22.6,False,279,16
u01,2026-02-22,309,13,52,123,7.3,22.8,False,309,13
u01,2026-02-23,244,7,45,95,5.9,22.8,False,244,7
u01,2026-02-24,318,11,51,107,6.5,22.5,False,318,11
u01,2026-02-25,293,9,71,136,7.2,22.8,False,293,9
u01,2026-02-26,327,3,70,121,7.3,21.9,False,327,3
u01,2026-02-27,192,5,14,58,7.5,21.8,False,192,5
u01,2026-02-28,220,17,38,89,6.8,22.2,False,220,17
u01,2026-03-01,303,15,55,111,6.9,22.6,False,303,15
u01,2026-03-02,277,8,49,129,8.1,22.1,False,277,8
u01,2026-03-03,228,11,49,100,7.1,22.2,False,228,11
u01,2026-03-04,274,17,23,100,7.5,22.0,False,274,17
u01,2026-03-05,299,9,41,106,6.8,22.0,True,299,9
u01,2026-03-06,314,14,65,135,6.1,22.3,False,314,14
u01,2026-03-07,276,12,56,99,7.3,22.6,False,276,12
u01,2026-03-08,272,15,64,88,7.3,22.5,False,272,15
u01,2026-03-09,277,4,59,85,7.6,21.8,False,277,4
u01,2026-03-10,265,13,34,116,6.5,22.3,False,265,13
u01,2026-03-11,344,14,66,114,6.6,22.0,False,344,14
u01,2026-03-12,252,15,40,83,5.7,22.6,False,252,15
u01,2026-03-13,262,7,45,115,7.3,22.9,False,262,7
u01,2026-03-14,264,17,44,117,7.5,22.7,False,264,17
u01,2026-03-15,330,14,51,114,6.6,22.8,False,330,14
u01,2026-03-16,239,7,36,86,6.7,22.2,False,239,7
u01,2026-03-17,300,10,56,134,6.9,22.1,False,300,10
u01,2026-03-18,264,13,40,108,8.0,21.8,False,264,13
u01,2026-03-19,247,11,43,91,7.5,22.3,True,247,11
u01,2026-03-20,177,7,33,72,7.7,22.3,False,177,7
u01,2026-03-21,262,11,39,111,6.9,22.8,False,262,11
u01,2026-03-22,340,20,54,119,6.7,22.2,False,340,20
u01,2026-03-23,239,13,49,80,7.7,21.7,False,239,13
u01,2026-03-24,149,13,11,76,6.0,22.1,False,149,13
u01,2026-03-25,284,19,42,139,7.3,22.6,False,284,19
u01,2026-03-26,214,9,25,99,6.2,22.6,False,214,9
u01,2026-03-27,201,19,35,77,7.5,22.5,False,201,19
u01,2026-03-28,263,31,65,94,7.3,23.1,False,263,31
u01,2026-03-29,225,26,28,90,6.5,23.0,False,225,26
u01,2026-03-30,310,16,61,139,7.1,22.3,False,310,16
u01,2026-03-31,269,8,56,126,6.3,22.2,False,269,8
u01,2026-04-01,290,13,31,115,6.4,22.5,False,290,13
u01,2026-04-02,235,8,28,100,6.8,22.5,True,235,8
u01,2026-04-03,256,9,42,80,6.5,21.9,True,256,9
u01,2026-04-04,243,14,33,95,7.6,22.7,False,243,14
u01,2026-04-05,278,16,49,133,8.3,23.2,False,278,16
u01,2026-04-06,176,14,40,68,7.0,22.4,False,176,14
u01,2026-04-07,257,8,48,109,7.0,22.5,False,257,8
u01,2026-04-08,296,5,48,131,7.4,22.1,False,296,5
u01,2026-04-09,322,4,58,141,6.8,22.5,False,322,4
u01,2026-04-10,287,4,51,116,7.3,22.5,False,287,4
u01,2026-04-11,263,8,34,96,5.9,23.0,False,263,8
u01,2026-04-12,191,9,27,44,6.6,22.9,False,191,9
u01,2026-04-13,268,12,48,89,6.1,22.2,False,268,12
u01,2026-04-14,179,8,29,66,5.8,21.8,True,179,8
u01,2026-04-15,224,10,40,100,7.6,22.0,False,224,10
u01,2026-04-16,246,4,48,101,6.8,21.6,False,246,4
u01,2026-04-17,247,8,22,115,7.9,22.3,False,247,8
u01,2026-04-18,293,8,61,98,7.9,22.2,False,293,8
u01,2026-04-19,248,10,26,72,7.0,22.9,False,248,10
u01,2026-04-20,216,17,36,95,6.7,22.2,False,216,17
u01,2026-04-21,239,9,41,122,6.5,22.4,False,239,9
u01,2026-04-22,233,13,38,96,5.5,23.0,False,233,13
u01,2026-04-23,305,12,52,113,6.7,22.6,False,305,12
u01,2026-04-24,200,9,29,93,6.8,22.4,False,200,9
u01,2026-04-25,242,12,34,117,6.6,22.4,False,242,12
u01,2026-04-26,306,19,50,104,6.4,22.1,False,306,19
u01,2026-04-27,225,10,39,84,6.9,22.2,False,225,10
u01,2026-04-28,280,15,41,127,6.8,22.8,False,280,15
u01,2026-04-29,259,8,46,107,7.1,22.0,False,259,8
u01,2026-04-30,245,9,34,86,6.4,22.7,False,245,9
u01,2026-05-01,190,11,27,71,8.1,22.4,False,190,11
u01,2026-05-02,268,17,43,94,7.3,22.4,False,268,17
u01,2026-05-03,239,11,43,73,6.9,22.4,True,239,11
u01,2026-05-04,266,5,42,111,6.5,21.8,False,266,5
u01,2026-05-05,198,7,36,59,6.4,22.0,False,198,7
u01,2026-05-06,275,5,59,108,7.5,21.9,False,275,5
u01,2026-05-07,286,11,44,100,6.7,22.3,False,286,11
u01,2026-05-08,317,12,63,133,7.0,22.2,False,317,12
u01,2026-05-09,238,8,29,89,7.2,22.7,False,238,8
u01,2026-05-10,227,6,43,86,6.7,22.2,False,227,6
u01,2026-05-11,287,1,46,91,7.1,21.5,False,287,1
u01,2026-05-12,215,7,53,89,5.9,22.3,False,215,7
u01,2026-05-13,232,17,34,86,6.4,22.2,False,232,17
u01,2026-05-14,247,10,34,86,5.8,22.1,False,247,10
u01,2026-05-15,214,10,44,91,6.7,22.0,False,214,10
u01,2026-05-16,318,11,56,140,6.7,22.6,False,318,11
u01,2026-05-17,298,10,50,144,8.0,22.7,True,298,10
u01,2026-05-18,163,0,10,67,6.5,21.9,False,163,0
u01,2026-05-19,170,6,31,71,7.1,21.7,False,170,6
u01,2026-05-20,236,12,38,80,7.2,22.1,False,236,12
u01,2026-05-21,278,8,47,100,7.8,21.9,False,278,8
u01,2026-05-22,292,14,42,133,7.3,22.3,False,292,14
u01,2026-05-23,324,17,64,122,7.4,22.6,False,324,17
u01,2026-05-24,277,16,46,137,8.1,23.2,False,277,16
u01,2026-05-25,218,11,34,68,6.0,22.4,False,218,11
u01,2026-05-26,278,12,34,108,6.6,22.1,False,278,12
u01,2026-05-27,218,14,35,84,6.8,22.4,True,218,14
u01,2026-05-28,224,7,28,79,6.9,22.0,False,224,7
u01,2026-05-29,186,0,42,69,6.6,21.6,True,186,0
u01,2026-05-30,302,89,52,118,7.6,24.1,False,302,89
u01,2026-05-31,324,99,49,132,6.6,24.2,False,324,99
u01,2026-06-01,320,93,52,126,6.6,23.3,False,320,93
u01,2026-06-02,407,86,79,178,7.3,23.1,False,407,86
u01,2026-06-03,340,86,58,173,6.5,22.9,False,340,86
u01,2026-06-04,345,81,57,149,6.3,23.1,False,345,81
u01,2026-06-05,349,93,73,145,6.2,23.6,False,349,93
u02,2026-02-14,276,15,45,118,6.3,23.6,True,276,15
u02,2026-02-15,284,13,51,102,7.1,23.6,False,284,13
u02,2026-02-16,297,4,44,138,7.6,22.8,False,297,4
u02,2026-02-17,313,7,41,142,6.8,23.3,False,313,7
u02,2026-02-18,225,9,30,75,7.2,22.7,False,225,9
u02,2026-02-19,185,8,30,69,7.6,22.0,False,185,8
u02,2026-02-20,278,11,35,126,6.5,22.2,False,278,11
u02,2026-02-21,235,10,37,108,6.5,22.9,False,235,10
u02,2026-02-22,295,17,51,131,6.8,23.3,False,295,17
u02,2026-02-23,241,6,35,113,6.8,22.9,False,241,6
u02,2026-02-24,245,6,38,93,7.8,22.7,False,245,6
u02,2026-02-25,227,5,50,86,6.9,22.6,False,227,5
u02,2026-02-26,318,6,43,155,7.6,22.9,False,318,6
u02,2026-02-27,310,6,58,107,7.0,23.0,False,310,6
u02,2026-02-28,218,16,34,73,6.7,23.4,False,218,16
u02,2026-03-01,329,25,44,127,7.1,23.4,False,329,25
u02,2026-03-02,249,8,54,104,6.6,22.7,False,249,8
u02,2026-03-03,265,8,48,105,7.9,23.5,False,265,8
u02,2026-03-04,207,0,43,77,7.1,22.8,False,207,0
u02,2026-03-05,325,6,51,150,6.6,22.2,False,325,6
u02,2026-03-06,250,9,55,113,7.5,23.2,False,250,9
u02,2026-03-07,324,20,52,103,6.9,23.1,False,324,20
u02,2026-03-08,217,22,52,77,7.2,23.5,False,217,22
u02,2026-03-09,294,17,34,116,6.9,22.7,False,294,17
u02,2026-03-10,254,12,34,103,7.2,23.1,False,254,12
u02,2026-03-11,220,12,34,92,7.3,22.8,False,220,12
u02,2026-03-12,275,8,40,109,5.5,22.3,True,275,8
u02,2026-03-13,302,18,53,131,5.9,22.5,False,302,18
u02,2026-03-14,377,16,50,163,6.7,23.1,False,377,16
u02,2026-03-15,287,10,50,135,6.7,23.2,True,287,10
u02,2026-03-16,283,7,45,101,6.6,23.3,False,283,7
u02,2026-03-17,278,17,43,116,7.7,23.2,False,278,17
u02,2026-03-18,238,14,47,98,6.8,23.1,False,238,14
u02,2026-03-19,264,17,53,101,7.2,23.0,False,264,17
u02,2026-03-20,258,16,44,109,6.9,23.2,True,258,16
u02,2026-03-21,210,18,24,109,7.1,23.2,False,210,18
u02,2026-03-22,207,9,37,57,6.8,23.0,False,207,9
u02,2026-03-23,195,14,33,83,7.3,23.2,False,195,14
u02,2026-03-24,227,8,40,104,6.3,22.4,True,227,8
u02,2026-03-25,276,4,46,98,7.7,23.3,False,276,4
u02,2026-03-26,261,2,31,107,6.4,23.0,False,261,2
u02,2026-03-27,228,1,46,74,7.3,22.9,False,228,1
u02,2026-03-28,279,12,46,120,7.3,23.8,False,279,12
u02,2026-03-29,191,14,23,77,8.0,23.2,False,191,14
u02,2026-03-30,251,4,36,81,6.8,22.5,False,251,4
u02,2026-03-31,244,3,50,114,7.0,22.6,False,244,3
u02,2026-04-01,237,5,30,94,6.1,23.0,False,237,5
u02,2026-04-02,218,5,43,92,7.7,22.7,False,218,5
u02,2026-04-03,299,4,62,130,7.1,22.5,False,299,4
u02,2026-04-04,288,9,50,121,7.2,23.6,False,288,9
u02,2026-04-05,348,10,51,133,6.7,23.3,False,348,10
u02,2026-04-06,178,0,36,87,7.4,23.4,False,178,0
u02,2026-04-07,248,5,52,98,7.3,23.1,False,248,5
u02,2026-04-08,236,6,39,131,6.8,23.2,False,236,6
u02,2026-04-09,275,9,43,114,7.4,22.6,False,275,9
u02,2026-04-10,291,10,51,108,8.2,22.8,False,291,10
u02,2026-04-11,257,9,46,97,5.6,23.3,True,257,9
u02,2026-04-12,282,18,49,89,6.9,22.7,False,282,18
u02,2026-04-13,199,14,31,50,7.7,22.7,False,199,14
u02,2026-04-14,266,13,47,107,6.6,22.7,True,266,13
u02,2026-04-15,244,7,28,95,7.0,22.8,False,244,7
u02,2026-04-16,264,9,46,118,7.7,22.6,False,264,9
u02,2026-04-17,220,8,39,84,7.7,22.9,False,220,8
u02,2026-04-18,224,18,43,83,7.6,23.3,False,224,18
u02,2026-04-19,250,14,41,73,6.5,23.2,False,250,14
u02,2026-04-20,298,3,34,90,6.7,22.9,False,298,3
u02,2026-04-21,234,3,39,68,7.6,23.0,False,234,3
u02,2026-04-22,249,4,38,100,6.9,23.1,False,249,4
u02,2026-04-23,299,10,37,164,6.7,22.7,False,299,10
u02,2026-04-24,295,5,38,137,6.7,23.0,False,295,5
u02,2026-04-25,232,13,49,81,6.6,22.7,False,232,13
u02,2026-04-26,294,18,58,126,5.8,22.7,False,294,18
u02,2026-04-27,254,9,36,89,6.8,22.9,False,254,9
u02,2026-04-28,258,10,39,112,7.2,23.0,False,258,10
u02,2026-04-29,249,21,46,88,8.0,22.9,False,249,21
u02,2026-04-30,234,16,33,110,6.6,23.0,False,234,16
u02,2026-05-01,252,16,46,86,6.3,23.0,False,252,16
u02,2026-05-02,313,18,60,124,6.6,23.0,False,313,18
u02,2026-05-03,311,15,47,131,6.6,23.6,False,311,15
u02,2026-05-04,212,2,35,85,6.5,22.5,False,212,2
u02,2026-05-05,347,11,61,137,5.2,22.7,False,347,11
u02,2026-05-06,202,9,35,86,7.2,23.0,False,202,9
u02,2026-05-07,233,15,42,111,7.8,22.4,False,233,15
u02,2026-05-08,186,15,36,76,6.8,22.6,False,186,15
u02,2026-05-09,297,16,45,142,7.2,23.1,False,297,16
u02,2026-05-10,226,11,26,86,9.0,23.4,False,226,11
u02,2026-05-11,284,4,64,103,6.9,22.9,False,284,4
u02,2026-05-12,229,5,30,86,6.2,22.5,False,229,5
u02,2026-05-13,274,7,42,116,7.7,22.7,False,274,7
u02,2026-05-14,244,10,42,77,6.7,22.4,False,244,10
u02,2026-05-15,188,5,32,62,7.3,23.1,False,188,5
u02,2026-05-16,238,8,49,92,7.9,23.3,False,238,8
u02,2026-05-17,306,18,57,129,7.7,23.4,False,306,18
u02,2026-05-18,276,7,50,77,6.3,23.0,False,276,7
u02,2026-05-19,320,11,58,140,6.2,23.1,False,320,11
u02,2026-05-20,250,13,51,80,7.3,22.9,False,250,13
u02,2026-05-21,270,14,44,139,7.7,22.6,False,270,14
u02,2026-05-22,252,17,39,96,6.5,22.5,False,252,17
u02,2026-05-23,309,18,36,149,6.0,23.2,False,309,18
u02,2026-05-24,299,17,39,122,7.5,23.7,False,299,17
u02,2026-05-25,221,9,34,91,7.0,22.5,False,221,9
u02,2026-05-26,263,16,44,120,6.8,22.7,False,263,16
u02,2026-05-27,248,12,32,105,7.9,22.9,False,248,12
u02,2026-05-28,281,15,49,99,7.2,22.4,False,281,15
u02,2026-05-29,260,9,37,102,7.0,22.6,False,260,9
u02,2026-05-30,245,19,39,94,7.4,23.5,False,245,19
u02,2026-05-31,227,17,36,71,7.3,23.1,False,227,17
u02,2026-06-01,279,19,41,87,7.6,22.8,False,279,19
u02,2026-06-02,310,13,56,129,7.2,22.6,False,310,13
u02,2026-06-03,182,15,29,68,7.0,22.1,False,182,15
u02,2026-06-04,224,11,48,108,6.8,22.4,False,224,11
u02,2026-06-05,288,5,60,112,7.6,23.0,False,288,5
u03,2026-02-14,306,15,51,115,6.4,24.0,False,306,15
u03,2026-02-15,266,16,41,102,6.8,23.8,False,266,16
u03,2026-02-16,233,12,36,93,7.7,23.7,False,233,12
u03,2026-02-17,286,10,40,135,7.1,23.6,False,286,10
u03,2026-02-18,283,11,39,89,7.5,23.5,False,283,11
u03,2026-02-19,229,11,41,76,7.4,23.2,False,229,11
u03,2026-02-20,279,0,41,128,7.8,22.9,False,279,0
u03,2026-02-21,309,12,46,98,6.6,24.0,True,309,12
u03,2026-02-22,221,18,38,76,6.6,23.8,False,221,18
u03,2026-02-23,281,9,51,102,7.5,23.5,False,281,9
u03,2026-02-24,244,11,44,120,6.1,23.8,False,244,11
u03,2026-02-25,204,6,21,74,6.7,23.7,False,204,6
u03,2026-02-26,207,5,45,71,6.5,23.7,False,207,5
u03,2026-02-27,231,13,35,74,7.4,23.7,False,231,13
u03,2026-02-28,258,8,45,81,7.3,23.8,False,258,8
u03,2026-03-01,260,13,53,82,6.8,24.1,False,260,13
u03,2026-03-02,213,4,31,86,6.9,22.9,False,213,4
u03,2026-03-03,286,8,44,111,6.2,23.1,False,286,8
u03,2026-03-04,287,4,40,122,6.9,23.5,False,287,4
u03,2026-03-05,242,13,46,85,6.8,23.3,False,242,13
u03,2026-03-06,285,19,43,133,7.2,23.8,False,285,19
u03,2026-03-07,282,19,46,98,6.9,23.9,False,282,19
u03,2026-03-08,298,24,47,143,6.8,24.4,False,298,24
u03,2026-03-09,260,3,58,97,6.3,23.0,False,260,3
u03,2026-03-10,237,9,30,94,7.7,23.3,True,237,9
u03,2026-03-11,228,3,37,61,7.2,23.6,False,228,3
u03,2026-03-12,200,6,28,106,7.0,23.7,False,200,6
u03,2026-03-13,257,7,31,78,6.5,23.8,False,257,7
u03,2026-03-14,264,23,49,101,6.3,24.4,False,264,23
u03,2026-03-15,305,17,56,105,7.8,24.0,False,305,17
u03,2026-03-16,198,10,43,68,6.9,23.4,False,198,10
u03,2026-03-17,274,7,46,124,7.1,23.8,False,274,7
u03,2026-03-18,229,17,42,105,6.8,23.8,False,229,17
u03,2026-03-19,241,10,35,101,6.9,23.3,True,241,10
u03,2026-03-20,344,11,57,135,6.8,23.6,False,344,11
u03,2026-03-21,274,19,44,111,8.0,23.8,False,274,19
u03,2026-03-22,354,18,60,113,6.3,24.0,False,354,18
u03,2026-03-23,274,17,35,114,7.0,23.7,False,274,17
u03,2026-03-24,252,8,52,99,7.2,23.8,False,252,8
u03,2026-03-25,272,0,30,107,5.6,23.3,False,272,0
u03,2026-03-26,272,1,41,116,6.9,23.2,False,272,1
u03,2026-03-27,225,7,41,94,7.4,23.2,True,225,7
u03,2026-03-28,332,12,61,115,6.3,24.3,True,332,12
u03,2026-03-29,318,19,49,115,6.8,24.0,False,318,19
u03,2026-03-30,245,15,45,91,7.8,23.0,False,245,15
u03,2026-03-31,259,15,41,86,7.4,24.1,True,259,15
u03,2026-04-01,279,11,63,101,7.5,23.2,True,279,11
u03,2026-04-02,256,17,42,106,6.8,23.1,False,256,17
u03,2026-04-03,270,8,42,102,6.3,23.9,False,270,8
u03,2026-04-04,320,17,40,139,7.3,24.2,False,320,17
u03,2026-04-05,261,13,47,111,6.4,24.0,False,261,13
u03,2026-04-06,267,12,36,97,6.9,23.6,False,267,12
u03,2026-04-07,310,8,48,154,7.3,23.7,False,310,8
u03,2026-04-08,259,4,28,105,6.8,23.0,False,259,4
u03,2026-04-09,335,5,62,104,7.1,23.6,False,335,5
u03,2026-04-10,239,6,42,114,7.1,23.3,False,239,6
u03,2026-04-11,272,11,51,86,7.0,24.3,False,272,11
u03,2026-04-12,310,14,45,162,6.8,24.2,False,310,14
u03,2026-04-13,158,10,42,67,6.9,23.6,False,158,10
u03,2026-04-14,248,14,49,81,6.9,24.2,False,248,14
u03,2026-04-15,201,5,42,76,7.7,23.7,False,201,5
u03,2026-04-16,229,7,33,113,7.4,23.5,False,229,7
u03,2026-04-17,289,15,40,99,7.2,23.7,False,289,15
u03,2026-04-18,218,15,29,86,6.2,23.9,False,218,15
u03,2026-04-19,207,18,33,109,7.0,23.8,False,207,18
u03,2026-04-20,286,12,49,113,6.7,23.3,True,286,12
u03,2026-04-21,184,7,23,72,6.7,23.6,False,184,7
u03,2026-04-22,237,8,36,86,6.2,23.7,False,237,8
u03,2026-04-23,284,10,42,97,7.4,23.7,False,284,10
u03,2026-04-24,221,14,49,69,7.1,23.6,False,221,14
u03,2026-04-25,216,14,29,86,6.5,24.3,False,216,14
u03,2026-04-26,265,19,42,114,6.9,24.0,False,265,19
u03,2026-04-27,226,8,28,103,7.4,23.1,False,226,8
u03,2026-04-28,298,15,48,107,6.8,24.0,False,298,15
u03,2026-04-29,299,9,53,111,6.7,23.1,False,299,9
u03,2026-04-30,265,7,35,107,6.6,23.7,True,265,7
u03,2026-05-01,293,3,36,104,7.0,23.3,False,293,3
u03,2026-05-02,228,14,37,66,6.8,24.5,False,228,14
u03,2026-05-03,303,15,51,130,7.7,24.1,False,303,15
u03,2026-05-04,214,11,42,79,6.6,23.5,False,214,11
u03,2026-05-05,191,7,33,79,6.4,23.5,False,191,7
u03,2026-05-06,241,11,46,108,6.7,23.3,False,241,11
u03,2026-05-07,263,4,52,113,8.1,23.9,False,263,4
u03,2026-05-08,240,14,32,104,6.8,23.8,False,240,14
u03,2026-05-09,323,19,55,144,6.8,23.9,False,323,19
u03,2026-05-10,292,14,32,106,5.5,24.1,True,292,14
u03,2026-05-11,256,8,33,126,6.2,23.3,False,256,8
u03,2026-05-12,260,4,40,86,7.4,23.6,False,260,4
u03,2026-05-13,287,2,53,100,7.1,23.6,False,287,2
u03,2026-05-14,335,7,54,114,7.0,23.4,False,335,7
u03,2026-05-15,270,12,42,141,6.6,23.1,False,270,12
u03,2026-05-16,255,8,33,103,5.1,23.5,True,255,8
u03,2026-05-17,250,19,33,110,6.1,24.4,False,250,19
u03,2026-05-18,201,5,31,106,6.0,24.0,False,201,5
u03,2026-05-19,230,10,37,90,7.4,23.6,False,230,10
u03,2026-05-20,197,11,49,75,7.5,23.5,False,197,11
u03,2026-05-21,258,5,29,72,6.2,23.4,False,258,5
u03,2026-05-22,276,3,50,93,6.7,23.6,True,276,3
u03,2026-05-23,301,13,51,142,7.8,24.4,False,301,13
u03,2026-05-24,219,11,48,83,7.4,24.3,False,219,11
u03,2026-05-25,254,5,51,110,6.5,23.4,True,254,5
u03,2026-05-26,327,7,59,147,7.3,23.2,False,327,7
u03,2026-05-27,191,10,27,102,6.4,23.5,False,191,10
u03,2026-05-28,246,4,47,78,6.6,23.2,True,246,4
u03,2026-05-29,248,11,46,74,7.1,23.7,False,248,11
u03,2026-05-30,231,14,52,109,7.4,24.1,False,231,14
u03,2026-05-31,236,6,57,123,6.2,23.4,False,236,6
u03,2026-06-01,307,4,53,159,7.7,23.3,False,307,4
u03,2026-06-02,260,8,50,105,7.3,23.7,False,260,8
u03,2026-06-03,209,7,34,73,7.2,23.7,False,209,7
u03,2026-06-04,256,9,44,96,5.9,23.2,False,256,9
u03,2026-06-05,230,8,56,103,7.1,23.9,False,230,8
u04,2026-02-14,240,28,32,97,6.3,23.0,False,240,28
u04,2026-02-15,273,24,50,124,7.6,22.7,False,273,24
u04,2026-02-16,234,18,38,72,6.7,22.7,False,234,18
u04,2026-02-17,331,27,45,152,6.5,22.4,False,331,27
u04,2026-02-18,267,29,51,109,7.5,22.4,False,267,29
u04,2026-02-19,221,26,42,86,6.4,22.6,True,221,26
u04,2026-02-20,312,25,48,144,7.4,22.5,False,312,25
u04,2026-02-21,291,27,54,103,7.8,23.2,False,291,27
u04,2026-02-22,192,29,40,95,6.3,23.2,False,192,29
u04,2026-02-23,248,21,39,74,5.8,22.1,False,248,21
u04,2026-02-24,306,15,59,127,8.3,22.5,False,306,15
u04,2026-02-25,281,19,53,129,7.0,22.1,False,281,19
u04,2026-02-26,291,24,53,150,6.7,22.5,True,291,24
u04,2026-02-27,202,23,19,86,6.7,22.3,False,202,23
u04,2026-02-28,368,31,65,143,7.2,22.9,False,368,31
u04,2026-03-01,310,28,43,126,5.6,22.3,False,310,28
u04,2026-03-02,250,24,22,118,7.4,22.6,False,250,24
u04,2026-03-03,244,30,42,94,6.3,22.5,False,244,30
u04,2026-03-04,256,26,35,103,6.8,22.5,False,256,26
u04,2026-03-05,265,15,46,112,7.3,22.7,False,265,15
u04,2026-03-06,349,27,58,123,7.6,22.7,False,349,27
u04,2026-03-07,239,25,35,97,7.2,23.3,False,239,25
u04,2026-03-08,265,28,39,111,7.4,22.6,False,265,28
u04,2026-03-09,254,16,49,87,6.8,22.0,False,254,16
u04,2026-03-10,244,18,40,91,6.8,21.9,False,244,18
u04,2026-03-11,274,24,38,122,6.9,22.4,False,274,24
u04,2026-03-12,286,25,38,116,7.8,23.2,False,286,25
u04,2026-03-13,251,29,54,85,6.3,22.9,False,251,29
u04,2026-03-14,282,29,46,91,6.3,22.7,False,282,29
u04,2026-03-15,262,29,27,101,7.3,23.0,False,262,29
u04,2026-03-16,268,25,52,159,7.9,22.1,False,268,25
u04,2026-03-17,238,20,38,113,7.8,22.4,False,238,20
u04,2026-03-18,220,29,29,66,7.4,22.4,False,220,29
u04,2026-03-19,294,31,61,114,6.9,22.4,False,294,31
u04,2026-03-20,300,21,52,99,6.6,22.3,False,300,21
u04,2026-03-21,275,25,51,109,7.4,23.1,False,275,25
u04,2026-03-22,257,31,38,100,7.6,23.1,True,257,31
u04,2026-03-23,290,28,37,112,7.3,23.6,False,290,28
u04,2026-03-24,212,28,27,87,6.6,22.7,False,212,28
u04,2026-03-25,259,26,45,147,6.2,22.7,False,259,26
u04,2026-03-26,321,22,58,139,6.5,22.2,False,321,22
u04,2026-03-27,215,13,37,69,6.4,22.3,False,215,13
u04,2026-03-28,248,25,51,91,7.3,22.7,False,248,25
u04,2026-03-29,273,20,46,99,7.5,22.6,False,273,20
u04,2026-03-30,331,18,56,143,6.6,22.4,False,331,18
u04,2026-03-31,250,14,40,101,6.9,22.5,False,250,14
u04,2026-04-01,262,20,49,136,7.0,21.9,False,262,20
u04,2026-04-02,249,28,49,89,7.5,23.3,False,249,28
u04,2026-04-03,234,22,59,93,7.1,22.6,False,234,22
u04,2026-04-04,249,27,42,113,6.3,23.2,False,249,27
u04,2026-04-05,254,26,47,103,8.0,23.1,False,254,26
u04,2026-04-06,235,27,53,70,7.1,22.5,False,235,27
u04,2026-04-07,231,25,32,84,7.2,22.7,False,231,25
u04,2026-04-08,278,22,40,86,6.4,22.7,False,278,22
u04,2026-04-09,265,19,46,107,7.2,22.2,False,265,19
u04,2026-04-10,226,30,24,116,6.7,22.7,False,226,30
u04,2026-04-11,304,31,53,129,6.9,22.7,False,304,31
u04,2026-04-12,288,31,47,108,6.9,22.8,False,288,31
u04,2026-04-13,341,28,54,142,7.4,22.5,False,341,28
u04,2026-04-14,223,19,25,88,6.9,22.6,False,223,19
u04,2026-04-15,299,18,48,125,6.6,23.1,False,299,18
u04,2026-04-16,306,21,46,136,7.1,22.4,False,306,21
u04,2026-04-17,242,18,50,72,8.0,22.2,False,242,18
u04,2026-04-18,268,22,37,109,7.0,22.6,False,268,22
u04,2026-04-19,347,25,56,129,6.6,22.7,False,347,25
u04,2026-04-20,285,18,54,84,6.2,22.2,False,285,18
u04,2026-04-21,284,21,44,124,7.1,22.9,False,284,21
u04,2026-04-22,303,19,51,128,7.6,21.9,False,303,19
u04,2026-04-23,263,15,34,110,8.1,22.3,False,263,15
u04,2026-04-24,271,23,54,121,6.5,22.1,False,271,23
u04,2026-04-25,261,28,48,97,6.8,22.9,False,261,28
u04,2026-04-26,361,28,61,136,7.3,23.0,True,361,28
u04,2026-04-27,266,19,38,111,7.1,22.6,False,266,19
u04,2026-04-28,248,23,46,70,8.0,22.6,False,248,23
u04,2026-04-29,222,18,36,82,7.5,21.8,False,222,18
u04,2026-04-30,238,20,29,113,6.6,22.3,False,238,20
u04,2026-05-01,180,27,32,83,6.0,22.2,True,180,27
u04,2026-05-02,314,25,63,142,6.0,23.1,False,314,25
u04,2026-05-03,288,33,46,112,7.3,23.0,False,288,33
u04,2026-05-04,249,28,31,83,7.2,22.7,False,249,28
u04,2026-05-05,231,17,28,115,7.9,22.2,False,231,17
u04,2026-05-06,246,26,31,94,7.4,22.3,False,246,26
u04,2026-05-07,256,21,33,98,5.9,22.4,False,256,21
u04,2026-05-08,331,16,64,144,6.0,22.8,False,331,16
u04,2026-05-09,306,20,53,133,6.0,23.3,False,306,20
u04,2026-05-10,334,25,53,146,5.9,23.2,False,334,25
u04,2026-05-11,297,20,46,135,6.8,22.5,False,297,20
u04,2026-05-12,305,19,59,138,7.9,22.1,False,305,19
u04,2026-05-13,319,17,50,82,6.5,22.8,False,319,17
u04,2026-05-14,232,18,29,52,6.7,22.6,False,232,18
u04,2026-05-15,197,21,28,90,7.2,22.1,False,197,21
u04,2026-05-16,262,21,37,113,6.9,22.7,False,262,21
u04,2026-05-17,283,24,42,119,6.1,22.4,False,283,24
u04,2026-05-18,266,19,42,113,6.7,22.4,False,266,19
u04,2026-05-19,257,21,53,100,7.2,23.0,False,257,21
u04,2026-05-20,206,21,39,67,7.5,22.5,False,206,21
u04,2026-05-21,326,27,47,139,6.7,22.2,False,326,27
u04,2026-05-22,288,25,47,156,7.5,22.3,False,288,25
u04,2026-05-23,249,39,43,91,7.1,22.9,False,249,39
u04,2026-05-24,292,33,45,115,6.4,23.2,False,292,33
u04,2026-05-25,266,23,38,140,7.0,22.6,False,266,23
u04,2026-05-26,270,26,35,124,6.1,22.1,False,270,26
u04,2026-05-27,287,21,50,137,6.4,22.4,False,287,21
u04,2026-05-28,309,22,42,121,8.2,22.4,False,309,22
u04,2026-05-29,249,13,49,91,6.6,22.4,False,249,13
u04,2026-05-30,352,29,52,129,6.5,23.7,False,352,29
u04,2026-05-31,291,24,54,99,7.3,23.1,False,291,24
u04,2026-06-01,281,14,47,121,7.1,22.4,True,281,14
u04,2026-06-02,208,22,35,57,5.6,22.6,False,208,22
u04,2026-06-03,352,21,68,156,6.9,22.3,False,352,21
u04,2026-06-04,312,18,49,107,6.7,22.2,False,312,18
u04,2026-06-05,201,29,29,77,7.8,22.8,False,201,29
u05,2026-02-14,291,34,34,124,6.1,23.7,False,291,34
u05,2026-02-15,280,40,45,113,6.0,23.3,False,280,40
u05,2026-02-16,258,24,51,90,7.8,22.7,False,258,24
u05,2026-02-17,318,33,49,108,7.1,23.2,False,318,33
u05,2026-02-18,254,37,34,81,7.4,23.7,False,254,37
u05,2026-02-19,267,29,52,92,7.0,23.2,False,267,29
u05,2026-02-20,294,33,53,119,6.7,23.2,False,294,33
u05,2026-02-21,233,29,44,105,7.6,23.5,False,233,29
u05,2026-02-22,275,35,52,97,7.7,23.5,False,275,35
u05,2026-02-23,280,30,46,122,6.8,23.0,False,280,30
u05,2026-02-24,277,21,39,92,7.0,22.8,True,277,21
u05,2026-02-25,298,23,40,110,7.8,23.2,False,298,23
u05,2026-02-26,242,33,32,94,7.3,23.2,False,242,33
u05,2026-02-27,315,34,49,135,6.7,23.3,False,315,34
u05,2026-02-28,296,38,46,119,7.0,24.0,False,296,38
u05,2026-03-01,341,38,61,145,7.5,23.8,False,341,38
u05,2026-03-02,318,29,52,79,7.1,23.5,False,318,29
u05,2026-03-03,280,22,32,111,6.1,23.1,False,280,22
u05,2026-03-04,276,32,45,105,7.6,23.6,False,276,32
u05,2026-03-05,243,26,47,87,6.0,23.2,False,243,26
u05,2026-03-06,262,25,42,78,6.9,22.9,False,262,25
u05,2026-03-07,233,31,50,88,7.4,23.4,False,233,31
u05,2026-03-08,237,31,33,93,7.3,23.3,False,237,31
u05,2026-03-09,275,22,51,119,7.5,22.9,False,275,22
u05,2026-03-10,352,25,61,115,7.0,23.1,False,352,25
u05,2026-03-11,336,16,53,140,6.2,23.2,False,336,16
u05,2026-03-12,366,21,52,125,7.8,23.1,False,366,21
u05,2026-03-13,242,23,29,102,6.5,23.2,False,242,23
u05,2026-03-14,223,36,41,73,7.6,23.8,False,223,36
u05,2026-03-15,210,33,42,89,6.7,23.0,False,210,33
u05,2026-03-16,289,32,52,126,5.6,23.0,False,289,32
u05,2026-03-17,312,29,44,134,6.4,23.1,False,312,29
u05,2026-03-18,249,23,40,85,6.6,22.6,False,249,23
u05,2026-03-19,230,26,39,99,7.9,22.8,False,230,26
u05,2026-03-20,296,32,55,103,7.9,23.5,False,296,32
u05,2026-03-21,236,39,45,107,7.1,23.8,False,236,39
u05,2026-03-22,298,34,54,159,6.9,23.7,False,298,34
u05,2026-03-23,283,21,45,102,7.2,22.9,False,283,21
u05,2026-03-24,277,23,48,82,6.0,22.8,True,277,23
u05,2026-03-25,255,23,34,94,7.2,22.3,False,255,23
u05,2026-03-26,284,22,47,112,5.9,22.7,True,284,22
u05,2026-03-27,209,26,42,85,6.8,22.7,False,209,26
u05,2026-03-28,291,37,42,93,7.5,23.3,False,291,37
u05,2026-03-29,321,39,45,154,7.2,23.8,False,321,39
u05,2026-03-30,320,24,50,131,6.3,22.8,True,320,24
u05,2026-03-31,272,32,43,101,7.2,23.2,False,272,32
u05,2026-04-01,243,31,45,106,7.3,22.8,False,243,31
u05,2026-04-02,214,23,22,90,6.4,23.3,False,214,23
u05,2026-04-03,304,27,52,114,6.3,23.0,False,304,27
u05,2026-04-04,308,34,50,131,6.6,23.9,False,308,34
u05,2026-04-05,335,36,59,123,7.5,23.0,True,335,36
u05,2026-04-06,304,39,38,108,8.6,23.3,False,304,39
u05,2026-04-07,336,35,55,138,6.5,23.8,False,336,35
u05,2026-04-08,310,27,45,129,6.5,22.3,False,310,27
u05,2026-04-09,321,30,52,168,6.8,23.2,True,321,30
u05,2026-04-10,274,29,48,107,6.5,23.1,False,274,29
u05,2026-04-11,295,33,51,115,7.7,23.4,False,295,33
u05,2026-04-12,189,33,41,100,7.0,23.4,False,189,33
u05,2026-04-13,313,31,59,121,7.6,23.0,False,313,31
u05,2026-04-14,322,30,58,130,6.8,22.8,False,322,30
u05,2026-04-15,204,20,42,97,7.1,22.7,False,204,20
u05,2026-04-16,307,26,33,102,7.1,23.4,False,307,26
u05,2026-04-17,313,28,58,140,6.0,23.2,False,313,28
u05,2026-04-18,223,36,20,94,6.3,23.6,False,223,36
u05,2026-04-19,220,35,31,101,6.8,23.6,False,220,35
u05,2026-04-20,255,30,38,95,7.3,23.4,False,255,30
u05,2026-04-21,204,27,48,86,6.9,22.8,False,204,27
u05,2026-04-22,338,36,45,132,7.7,23.6,False,338,36
u05,2026-04-23,245,27,52,95,6.9,22.5,False,245,27
u05,2026-04-24,303,29,50,128,5.9,22.8,False,303,29
u05,2026-04-25,333,33,57,152,7.9,23.6,False,333,33
u05,2026-04-26,352,46,51,166,7.6,23.7,False,352,46
u05,2026-04-27,274,26,58,121,6.8,23.2,False,274,26
u05,2026-04-28,231,27,37,89,6.7,23.2,False,231,27
u05,2026-04-29,339,36,40,140,6.5,22.9,False,339,36
u05,2026-04-30,282,32,56,101,5.9,23.2,False,282,32
u05,2026-05-01,361,24,63,157,6.9,23.6,False,361,24
u05,2026-05-02,211,28,26,72,6.8,23.6,False,211,28
u05,2026-05-03,296,29,56,119,6.7,23.9,False,296,29
u05,2026-05-04,341,25,38,132,7.2,23.0,False,341,25
u05,2026-05-05,232,28,28,87,5.6,22.3,False,232,28
u05,2026-05-06,275,32,44,113,7.2,23.0,True,275,32
u05,2026-05-07,263,26,42,109,6.2,22.9,False,263,26
u05,2026-05-08,286,24,49,121,6.9,22.7,False,286,24
u05,2026-05-09,339,31,50,154,7.0,22.9,False,339,31
u05,2026-05-10,298,31,56,137,6.3,23.8,True,298,31
u05,2026-05-11,367,23,44,145,7.0,23.3,False,367,23
u05,2026-05-12,199,24,49,77,8.0,23.2,False,199,24
u05,2026-05-13,331,26,52,153,7.9,22.9,False,331,26
u05,2026-05-14,249,23,32,109,7.1,22.7,False,249,23
u05,2026-05-15,241,27,30,98,7.5,23.3,False,241,27
u05,2026-05-16,239,31,34,87,6.2,23.6,False,239,31
u05,2026-05-17,257,36,57,93,6.8,23.8,False,257,36
u05,2026-05-18,261,26,54,92,7.7,23.0,False,261,26
u05,2026-05-19,319,29,59,122,7.2,22.8,False,319,29
u05,2026-05-20,238,29,34,117,7.1,23.1,False,238,29
u05,2026-05-21,244,25,36,107,7.4,23.0,False,244,25
u05,2026-05-22,284,26,58,126,7.8,23.0,False,284,26
u05,2026-05-23,302,32,52,119,6.8,23.5,False,302,32
u05,2026-05-24,258,24,29,116,7.9,23.3,False,258,24
u05,2026-05-25,291,27,51,96,7.6,23.0,False,291,27
u05,2026-05-26,282,33,43,86,6.2,23.6,False,282,33
u05,2026-05-27,315,30,66,91,7.2,22.9,True,315,30
u05,2026-05-28,402,22,80,150,6.6,23.7,True,402,22
u05,2026-05-29,337,25,67,149,7.5,23.2,False,337,25
u05,2026-05-30,221,28,38,86,6.8,23.5,False,221,28
u05,2026-05-31,233,29,37,107,6.5,23.5,False,233,29
u05,2026-06-01,193,29,39,57,5.8,23.4,False,193,29
u05,2026-06-02,251,22,40,111,7.0,23.0,False,251,22
u05,2026-06-03,279,25,31,107,7.4,23.0,False,279,25
u05,2026-06-04,260,27,40,101,6.2,22.8,False,260,27
u05,2026-06-05,313,28,51,109,6.6,23.0,False,313,28
u06,2026-02-14,242,23,39,78,8.2,23.7,False,242,23
u06,2026-02-15,336,26,48,156,7.0,24.4,False,336,26
u06,2026-02-16,217,13,27,74,6.5,23.1,False,217,13
u06,2026-02-17,323,20,50,122,7.1,23.4,False,323,20
u06,2026-02-18,277,21,53,106,6.5,23.6,False,277,21
u06,2026-02-19,226,11,42,96,6.5,23.2,False,226,11
u06,2026-02-20,228,12,34,111,6.7,23.5,False,228,12
u06,2026-02-21,231,23,45,90,6.8,23.9,False,231,23
u06,2026-02-22,289,28,50,96,8.1,24.0,False,289,28
u06,2026-02-23,195,10,46,76,8.0,23.0,False,195,10
u06,2026-02-24,238,16,43,80,6.4,23.7,False,238,16
u06,2026-02-25,290,8,45,123,7.5,23.4,False,290,8
u06,2026-02-26,307,7,50,117,6.3,23.5,False,307,7
u06,2026-02-27,237,8,37,122,7.6,23.5,False,237,8
u06,2026-02-28,171,21,24,68,7.3,24.5,False,171,21
u06,2026-03-01,249,14,55,93,7.0,24.0,False,249,14
u06,2026-03-02,172,13,22,68,5.9,23.3,False,172,13
u06,2026-03-03,318,15,51,150,7.0,23.5,False,318,15
u06,2026-03-04,313,18,51,117,7.7,23.4,False,313,18
u06,2026-03-05,279,19,43,100,7.1,23.2,True,279,19
u06,2026-03-06,237,22,38,73,7.0,24.0,False,237,22
u06,2026-03-07,314,22,66,112,7.1,24.1,False,314,22
u06,2026-03-08,312,28,38,135,6.5,24.6,False,312,28
u06,2026-03-09,298,15,54,113,6.8,24.0,False,298,15
u06,2026-03-10,257,15,57,89,6.1,23.5,False,257,15
u06,2026-03-11,274,9,46,101,6.2,23.4,False,274,9
u06,2026-03-12,230,13,30,79,6.7,23.8,True,230,13
u06,2026-03-13,256,15,44,79,6.9,23.9,False,256,15
u06,2026-03-14,254,31,42,100,7.0,24.4,False,254,31
u06,2026-03-15,326,29,54,136,7.5,23.9,False,326,29
u06,2026-03-16,229,18,43,54,7.7,23.8,False,229,18
u06,2026-03-17,303,16,41,125,6.6,23.9,False,303,16
u06,2026-03-18,265,18,59,92,7.5,23.9,False,265,18
u06,2026-03-19,280,8,52,118,6.9,23.0,False,280,8
u06,2026-03-20,174,12,40,77,8.1,23.3,False,174,12
u06,2026-03-21,235,20,41,70,7.5,24.3,True,235,20
u06,2026-03-22,263,18,44,90,6.4,24.2,False,263,18
u06,2026-03-23,268,12,45,107,7.5,23.7,False,268,12
u06,2026-03-24,231,12,42,88,6.8,23.7,False,231,12
u06,2026-03-25,272,11,49,112,7.0,23.3,False,272,11
u06,2026-03-26,377,12,73,148,6.2,23.7,False,377,12
u06,2026-03-27,226,23,38,100,6.1,23.8,False,226,23
u06,2026-03-28,313,20,52,151,7.3,24.2,False,313,20
u06,2026-03-29,268,19,32,106,7.2,23.8,False,268,19
u06,2026-03-30,265,8,44,107,6.7,23.1,False,265,8
u06,2026-03-31,243,9,43,89,7.5,23.0,False,243,9
u06,2026-04-01,246,16,38,117,6.7,23.4,False,246,16
u06,2026-04-02,258,16,39,88,7.6,23.8,False,258,16
u06,2026-04-03,324,20,53,140,7.3,24.2,False,324,20
u06,2026-04-04,277,22,27,99,7.2,24.2,False,277,22
u06,2026-04-05,261,23,56,107,7.3,24.0,False,261,23
u06,2026-04-06,199,21,44,91,7.2,23.7,False,199,21
u06,2026-04-07,200,23,34,81,7.0,24.3,False,200,23
u06,2026-04-08,209,24,26,63,6.5,23.8,False,209,24
u06,2026-04-09,298,19,56,100,8.1,24.0,False,298,19
u06,2026-04-10,256,16,49,107,8.0,23.4,False,256,16
u06,2026-04-11,281,22,47,121,5.7,24.3,False,281,22
u06,2026-04-12,303,22,36,102,7.7,24.3,False,303,22
u06,2026-04-13,256,18,44,114,7.0,23.4,False,256,18
u06,2026-04-14,261,15,34,91,6.8,23.4,False,261,15
u06,2026-04-15,325,16,54,147,7.5,23.4,False,325,16
u06,2026-04-16,271,16,53,102,7.3,24.2,False,271,16
u06,2026-04-17,306,14,48,109,8.4,24.1,False,306,14
u06,2026-04-18,195,17,53,90,8.2,24.5,False,195,17
u06,2026-04-19,241,23,49,107,7.7,24.1,False,241,23
u06,2026-04-20,194,18,33,49,7.1,23.9,False,194,18
u06,2026-04-21,281,19,45,95,8.1,23.0,False,281,19
u06,2026-04-22,263,23,39,137,6.9,23.2,False,263,23
u06,2026-04-23,240,16,48,82,6.9,23.7,False,240,16
u06,2026-04-24,271,20,40,108,6.3,23.7,False,271,20
u06,2026-04-25,288,26,50,115,6.8,24.3,False,288,26
u06,2026-04-26,347,18,65,162,7.6,24.0,False,347,18
u06,2026-04-27,265,16,60,97,7.3,23.2,False,265,16
u06,2026-04-28,269,9,48,112,7.5,23.7,False,269,9
u06,2026-04-29,257,15,51,106,6.5,23.8,False,257,15
u06,2026-04-30,254,19,61,102,7.8,23.8,False,254,19
u06,2026-05-01,258,29,36,99,6.9,23.7,False,258,29
u06,2026-05-02,212,27,31,73,7.4,24.4,False,212,27
u06,2026-05-03,300,24,63,128,7.1,24.5,False,300,24
u06,2026-05-04,336,21,58,157,6.6,23.6,False,336,21
u06,2026-05-05,289,22,48,123,7.2,23.4,False,289,22
u06,2026-05-06,291,17,50,129,8.1,23.6,False,291,17
u06,2026-05-07,262,17,39,112,7.1,23.5,False,262,17
u06,2026-05-08,284,14,37,133,6.7,23.5,False,284,14
u06,2026-05-09,244,25,41,113,8.0,23.6,False,244,25
u06,2026-05-10,275,23,62,107,6.5,24.0,False,275,23
u06,2026-05-11,289,26,45,115,6.7,23.5,False,289,26
u06,2026-05-12,283,25,51,104,7.0,24.1,False,283,25
u06,2026-05-13,271,25,43,118,6.9,24.0,False,271,25
u06,2026-05-14,323,20,47,103,7.4,23.4,False,323,20
u06,2026-05-15,281,20,62,97,7.6,23.7,False,281,20
u06,2026-05-16,324,27,53,152,7.4,24.2,True,324,27
u06,2026-05-17,279,25,53,121,6.4,24.1,False,279,25
u06,2026-05-18,326,19,62,153,6.8,23.8,False,326,19
u06,2026-05-19,360,12,57,120,6.9,23.8,False,360,12
u06,2026-05-20,263,14,42,91,7.0,23.7,False,263,14
u06,2026-05-21,259,6,45,72,7.6,24.0,False,259,6
u06,2026-05-22,342,14,62,141,6.3,23.3,False,342,14
u06,2026-05-23,211,11,33,96,6.1,23.6,False,211,11
u06,2026-05-24,226,18,39,58,7.8,24.1,False,226,18
u06,2026-05-25,241,17,60,101,7.3,23.6,False,241,17
u06,2026-05-26,306,15,67,132,7.6,23.3,False,306,15
u06,2026-05-27,236,15,40,114,8.0,23.1,False,236,15
u06,2026-05-28,268,19,31,94,6.8,23.3,False,268,19
u06,2026-05-29,249,20,39,92,7.1,23.9,False,249,20
u06,2026-05-30,332,22,55,151,6.8,24.3,False,332,22
u06,2026-05-31,336,17,57,157,7.3,23.7,False,336,17
u06,2026-06-01,250,11,31,90,6.6,23.0,False,250,11
u06,2026-06-02,279,17,45,119,7.5,23.9,False,279,17
u06,2026-06-03,244,13,32,92,7.5,23.8,False,244,13
u06,2026-06-04,289,20,60,141,7.2,23.6,False,289,20
u06,2026-06-05,256,14,49,104,6.9,23.4,False,256,14
u07,2026-02-14,235,33,42,121,6.2,23.3,False,235,33
u07,2026-02-15,227,39,40,84,7.4,23.3,False,227,39
u07,2026-02-16,216,31,42,85,7.0,22.5,False,216,31
u07,2026-02-17,327,30,60,138,7.7,22.3,False,327,30
u07,2026-02-18,311,33,40,133,6.8,22.5,False,311,33
u07,2026-02-19,267,31,43,107,7.3,21.9,False,267,31
u07,2026-02-20,305,26,42,103,6.8,22.8,False,305,26
u07,2026-02-21,295,28,44,126,7.2,22.8,True,295,28
u07,2026-02-22,235,22,43,99,7.9,22.8,False,235,22
u07,2026-02-23,275,26,44,92,6.6,22.1,False,275,26
u07,2026-02-24,254,23,40,78,7.7,23.2,False,254,23
u07,2026-02-25,269,23,39,86,6.7,22.5,False,269,23
u07,2026-02-26,355,27,43,155,5.6,22.7,False,355,27
u07,2026-02-27,299,29,66,115,6.2,23.0,True,299,29
u07,2026-02-28,302,34,51,123,7.2,23.0,False,302,34
u07,2026-03-01,276,31,44,96,7.9,23.1,False,276,31
u07,2026-03-02,272,32,51,70,6.8,22.4,False,272,32
u07,2026-03-03,334,30,50,131,7.9,22.0,False,334,30
u07,2026-03-04,333,30,58,154,6.2,22.6,True,333,30
u07,2026-03-05,254,23,41,96,6.0,22.9,False,254,23
u07,2026-03-06,321,22,43,120,6.7,22.4,False,321,22
u07,2026-03-07,242,36,33,89,6.6,22.7,False,242,36
u07,2026-03-08,244,29,41,103,7.2,23.1,False,244,29
u07,2026-03-09,250,18,38,92,6.5,22.4,False,250,18
u07,2026-03-10,273,26,54,113,6.7,22.2,False,273,26
u07,2026-03-11,303,27,53,134,6.7,22.6,False,303,27
u07,2026-03-12,334,23,50,133,6.8,22.4,False,334,23
u07,2026-03-13,282,33,41,131,7.1,22.5,False,282,33
u07,2026-03-14,243,37,31,84,6.3,22.7,False,243,37
u07,2026-03-15,283,28,53,107,5.6,23.0,False,283,28
u07,2026-03-16,275,21,49,95,7.2,22.5,False,275,21
u07,2026-03-17,243,37,44,97,7.4,23.0,False,243,37
u07,2026-03-18,284,32,51,127,7.5,23.0,False,284,32
u07,2026-03-19,308,25,49,124,6.1,22.7,False,308,25
u07,2026-03-20,253,26,30,92,6.8,22.7,False,253,26
u07,2026-03-21,328,29,39,105,6.5,22.9,False,328,29
u07,2026-03-22,336,31,62,124,6.7,23.2,False,336,31
u07,2026-03-23,259,33,38,100,6.8,22.9,False,259,33
u07,2026-03-24,272,27,40,98,6.0,22.5,False,272,27
u07,2026-03-25,304,20,41,88,6.9,22.3,True,304,20
u07,2026-03-26,226,20,34,79,7.9,22.4,False,226,20
u07,2026-03-27,277,30,45,130,6.8,22.8,False,277,30
u07,2026-03-28,246,33,38,113,7.3,22.7,False,246,33
u07,2026-03-29,268,25,24,118,7.6,23.5,False,268,25
u07,2026-03-30,309,31,55,136,7.2,22.8,False,309,31
u07,2026-03-31,256,32,48,76,7.2,22.3,False,256,32
u07,2026-04-01,322,26,58,111,6.8,22.2,False,322,26
u07,2026-04-02,324,30,47,130,6.3,22.7,False,324,30
u07,2026-04-03,306,26,62,113,7.6,22.8,False,306,26
u07,2026-04-04,324,31,45,111,7.2,23.0,False,324,31
u07,2026-04-05,304,36,43,114,7.6,23.4,False,304,36
u07,2026-04-06,248,23,46,87,6.4,22.8,False,248,23
u07,2026-04-07,262,25,44,105,6.2,22.2,False,262,25
u07,2026-04-08,261,23,50,109,7.5,22.1,False,261,23
u07,2026-04-09,266,24,46,103,6.9,22.3,False,266,24
u07,2026-04-10,246,30,42,87,6.9,22.3,False,246,30
u07,2026-04-11,299,34,47,130,6.8,23.3,False,299,34
u07,2026-04-12,221,39,42,100,7.1,23.5,False,221,39
u07,2026-04-13,310,30,60,126,6.8,22.9,False,310,30
u07,2026-04-14,250,30,41,125,6.7,22.5,False,250,30
u07,2026-04-15,344,30,55,134,7.0,22.6,False,344,30
u07,2026-04-16,285,25,67,90,6.6,23.0,False,285,25
u07,2026-04-17,267,25,45,108,7.0,22.7,False,267,25
u07,2026-04-18,292,30,67,114,6.8,23.1,False,292,30
u07,2026-04-19,289,29,52,127,6.3,22.7,True,289,29
u07,2026-04-20,282,28,40,118,6.5,22.4,False,282,28
u07,2026-04-21,269,25,39,94,6.3,21.7,False,269,25
u07,2026-04-22,281,18,45,127,6.2,22.0,False,281,18
u07,2026-04-23,243,24,35,73,6.5,22.2,False,243,24
u07,2026-04-24,174,23,35,72,6.9,22.9,False,174,23
u07,2026-04-25,236,28,37,89,7.5,22.9,False,236,28
u07,2026-04-26,181,25,21,71,7.3,22.6,False,181,25
u07,2026-04-27,289,28,54,117,8.1,22.2,True,289,28
u07,2026-04-28,253,31,60,97,6.0,22.5,False,253,31
u07,2026-04-29,251,28,30,112,7.8,21.8,False,251,28
u07,2026-04-30,155,19,21,45,8.0,22.4,False,155,19
u07,2026-05-01,329,30,56,127,7.9,22.4,False,329,30
u07,2026-05-02,254,34,45,112,7.8,22.9,False,254,34
u07,2026-05-03,344,36,64,138,8.2,22.9,False,344,36
u07,2026-05-04,303,25,52,116,7.3,22.4,False,303,25
u07,2026-05-05,294,31,40,111,7.2,22.5,False,294,31
u07,2026-05-06,271,33,57,98,7.0,22.9,True,271,33
u07,2026-05-07,285,25,27,106,7.5,22.6,False,285,25
u07,2026-05-08,295,25,62,131,7.7,22.9,False,295,25
u07,2026-05-09,270,33,43,130,7.1,22.9,False,270,33
u07,2026-05-10,267,31,44,148,7.5,22.7,False,267,31
u07,2026-05-11,284,28,41,105,6.7,22.9,False,284,28
u07,2026-05-12,333,27,56,130,7.3,22.9,False,333,27
u07,2026-05-13,249,21,46,93,7.1,22.1,False,249,21
u07,2026-05-14,207,21,28,49,7.5,22.5,False,207,21
u07,2026-05-15,214,21,24,97,7.1,22.1,False,214,21
u07,2026-05-16,287,30,54,115,6.6,22.6,True,287,30
u07,2026-05-17,318,37,57,149,6.6,23.1,False,318,37
u07,2026-05-18,310,35,52,133,7.4,22.9,False,310,35
u07,2026-05-19,243,25,31,104,7.7,22.1,False,243,25
u07,2026-05-20,217,26,33,81,7.5,22.6,False,217,26
u07,2026-05-21,342,27,78,161,7.4,22.8,False,342,27
u07,2026-05-22,294,23,69,123,7.5,22.2,False,294,23
u07,2026-05-23,285,28,56,117,6.9,22.8,False,285,28
u07,2026-05-24,319,29,63,145,6.6,22.5,False,319,29
u07,2026-05-25,259,25,50,108,6.6,22.7,False,259,25
u07,2026-05-26,272,25,49,130,6.6,22.4,False,272,25
u07,2026-05-27,256,23,42,92,6.7,21.7,False,256,23
u07,2026-05-28,266,16,38,116,7.2,22.3,False,266,16
u07,2026-05-29,243,25,33,101,6.7,22.2,False,243,25
u07,2026-05-30,275,34,49,107,7.5,23.0,False,275,34
u07,2026-05-31,314,39,51,118,5.7,23.1,False,314,39
u07,2026-06-01,306,31,60,140,6.1,23.4,False,306,31
u07,2026-06-02,292,31,56,93,6.2,22.8,False,292,31
u07,2026-06-03,304,29,48,111,8.0,22.5,False,304,29
u07,2026-06-04,331,20,59,126,7.1,22.0,False,331,20
u07,2026-06-05,303,28,49,111,7.5,22.7,False,303,28
u08,2026-02-14,247,30,53,98,6.7,23.6,False,247,30
u08,2026-02-15,280,23,52,100,7.2,23.3,False,280,23
u08,2026-02-16,247,24,51,59,7.8,23.3,False,247,24
u08,2026-02-17,230,21,23,87,6.5,23.1,False,230,21
u08,2026-02-18,310,19,45,133,7.3,23.2,False,310,19
u08,2026-02-19,265,22,46,122,7.4,22.9,False,265,22
u08,2026-02-20,240,23,27,79,6.9,23.6,False,240,23
u08,2026-02-21,288,32,53,123,7.7,24.2,False,288,32
u08,2026-02-22,286,34,44,121,7.7,23.5,False,286,34
u08,2026-02-23,197,27,39,71,7.3,23.0,False,197,27
u08,2026-02-24,281,19,42,91,7.7,23.1,False,281,19
u08,2026-02-25,282,21,44,113,7.4,22.9,False,282,21
u08,2026-02-26,264,25,67,84,7.6,22.9,False,264,25
u08,2026-02-27,306,28,69,122,6.3,23.1,False,306,28
u08,2026-02-28,309,32,53,110,7.2,23.5,False,309,32
u08,2026-03-01,252,31,26,110,7.4,23.4,False,252,31
u08,2026-03-02,231,23,35,96,7.4,23.1,False,231,23
u08,2026-03-03,301,22,48,126,7.2,23.4,False,301,22
u08,2026-03-04,309,22,51,122,7.5,23.0,False,309,22
u08,2026-03-05,275,24,52,115,7.3,23.5,False,275,24
u08,2026-03-06,297,23,43,112,7.5,23.2,False,297,23
u08,2026-03-07,216,36,36,104,5.9,23.4,False,216,36
u08,2026-03-08,326,30,48,134,7.2,23.4,False,326,30
u08,2026-03-09,318,28,60,103,6.1,23.2,False,318,28
u08,2026-03-10,239,26,35,97,7.1,23.1,False,239,26
u08,2026-03-11,324,25,48,122,6.6,23.2,False,324,25
u08,2026-03-12,291,27,54,103,6.2,23.1,False,291,27
u08,2026-03-13,282,28,41,110,6.6,23.3,False,282,28
u08,2026-03-14,203,29,36,61,7.4,24.1,False,203,29
u08,2026-03-15,278,28,45,103,7.6,23.0,False,278,28
u08,2026-03-16,339,27,64,145,7.0,23.4,False,339,27
u08,2026-03-17,237,24,39,96,6.9,22.8,False,237,24
u08,2026-03-18,240,13,43,99,7.0,23.0,False,240,13
u08,2026-03-19,278,22,53,104,6.6,23.2,False,278,22
u08,2026-03-20,201,25,38,61,6.7,23.9,False,201,25
u08,2026-03-21,263,29,48,94,6.6,23.9,False,263,29
u08,2026-03-22,313,28,59,102,6.9,23.7,False,313,28
u08,2026-03-23,274,17,60,125,6.0,23.3,False,274,17
u08,2026-03-24,232,20,43,93,6.0,22.9,False,232,20
u08,2026-03-25,289,31,51,145,7.8,23.0,False,289,31
u08,2026-03-26,279,21,58,125,6.9,22.9,False,279,21
u08,2026-03-27,303,29,61,130,6.5,23.3,False,303,29
u08,2026-03-28,256,39,49,67,6.7,23.6,True,256,39
u08,2026-03-29,249,30,50,115,5.8,23.6,False,249,30
u08,2026-03-30,280,24,40,92,7.4,22.8,False,280,24
u08,2026-03-31,196,17,22,92,6.3,23.0,False,196,17
u08,2026-04-01,257,19,50,114,6.6,23.1,True,257,19
u08,2026-04-02,257,19,36,104,7.2,22.4,False,257,19
u08,2026-04-03,245,21,44,109,7.7,23.5,True,245,21
u08,2026-04-04,326,30,51,114,7.8,23.3,False,326,30
u08,2026-04-05,326,32,53,111,6.5,24.0,True,326,32
u08,2026-04-06,275,28,45,97,6.7,22.8,False,275,28
u08,2026-04-07,286,37,52,129,6.5,23.0,False,286,37
u08,2026-04-08,256,29,38,131,5.8,22.8,False,256,29
u08,2026-04-09,236,26,31,93,7.0,22.8,False,236,26
u08,2026-04-10,254,29,46,103,6.8,22.6,False,254,29
u08,2026-04-11,319,34,63,101,6.7,23.2,False,319,34
u08,2026-04-12,287,32,42,102,7.2,23.5,False,287,32
u08,2026-04-13,207,20,46,104,7.1,22.8,False,207,20
u08,2026-04-14,322,21,61,116,7.0,22.9,True,322,21
u08,2026-04-15,263,19,43,98,7.2,22.7,False,263,19
u08,2026-04-16,320,19,63,136,7.1,23.1,False,320,19
u08,2026-04-17,328,26,59,139,8.4,22.7,False,328,26
u08,2026-04-18,321,36,58,131,7.4,23.6,False,321,36
u08,2026-04-19,253,27,36,78,7.6,23.7,False,253,27
u08,2026-04-20,279,26,39,110,7.3,23.4,True,279,26
u08,2026-04-21,237,18,50,88,6.6,23.2,False,237,18
u08,2026-04-22,279,30,65,122,7.1,23.7,False,279,30
u08,2026-04-23,303,23,49,107,7.9,22.5,False,303,23
u08,2026-04-24,237,24,47,89,6.6,23.3,False,237,24
u08,2026-04-25,238,36,38,118,6.1,23.4,False,238,36
u08,2026-04-26,258,31,44,113,7.7,23.8,False,258,31
u08,2026-04-27,289,24,44,82,6.2,23.2,False,289,24
u08,2026-04-28,344,26,65,170,5.3,22.6,False,344,26
u08,2026-04-29,272,27,34,91,5.9,22.7,False,272,27
u08,2026-04-30,249,26,24,63,7.2,22.8,False,249,26
u08,2026-05-01,267,21,55,110,7.8,23.0,False,267,21
u08,2026-05-02,231,26,43,104,7.2,23.1,False,231,26
u08,2026-05-03,266,23,48,116,6.7,23.5,False,266,23
u08,2026-05-04,296,25,38,123,6.9,23.3,False,296,25
u08,2026-05-05,237,21,27,114,6.5,23.6,False,237,21
u08,2026-05-06,295,17,45,141,7.4,23.1,False,295,17
u08,2026-05-07,211,22,31,95,8.2,23.4,False,211,22
u08,2026-05-08,250,20,51,90,8.0,23.2,False,250,20
u08,2026-05-09,231,30,38,80,5.9,24.1,False,231,30
u08,2026-05-10,334,36,59,123,8.0,23.6,False,334,36
u08,2026-05-11,266,23,37,99,8.3,22.8,False,266,23
u08,2026-05-12,254,22,38,99,6.3,23.1,False,254,22
u08,2026-05-13,216,19,46,106,7.3,22.5,False,216,19
u08,2026-05-14,322,25,51,134,5.9,22.6,False,322,25
u08,2026-05-15,272,22,45,123,7.3,22.5,False,272,22
u08,2026-05-16,268,30,31,135,7.8,23.4,False,268,30
u08,2026-05-17,271,26,57,90,7.0,23.8,False,271,26
u08,2026-05-18,307,20,49,114,7.3,23.0,False,307,20
u08,2026-05-19,233,24,57,98,7.4,22.8,False,233,24
u08,2026-05-20,235,26,39,85,6.6,22.6,False,235,26
u08,2026-05-21,217,22,14,93,7.0,23.4,False,217,22
u08,2026-05-22,263,29,33,112,7.4,23.8,False,263,29
u08,2026-05-23,286,33,49,117,5.6,23.8,False,286,33
u08,2026-05-24,246,30,55,121,6.8,23.5,False,246,30
u08,2026-05-25,236,27,39,90,7.3,23.3,True,236,27
u08,2026-05-26,308,26,51,115,7.9,22.6,False,308,26
u08,2026-05-27,323,28,50,117,7.4,23.4,False,323,28
u08,2026-05-28,242,27,35,104,8.1,23.4,True,242,27
u08,2026-05-29,228,26,40,97,6.7,23.1,False,228,26
u08,2026-05-30,263,26,45,117,6.7,23.6,False,263,26
u08,2026-05-31,308,31,48,156,6.9,23.5,False,308,31
u08,2026-06-01,263,25,39,114,7.1,23.2,False,263,25
u08,2026-06-02,263,21,33,119,6.2,22.7,False,263,21
u08,2026-06-03,288,27,49,108,7.1,22.9,False,288,27
u08,2026-06-04,198,16,23,76,6.6,22.8,False,198,16
u08,2026-06-05,321,21,72,131,7.5,22.8,False,321,21
u09,2026-02-14,231,21,43,86,6.8,24.1,False,231,21
u09,2026-02-15,207,23,37,53,6.9,23.9,False,207,23
u09,2026-02-16,193,10,33,70,7.3,23.4,False,193,10
u09,2026-02-17,311,14,64,123,6.5,23.5,False,311,14
u09,2026-02-18,287,8,59,113,6.9,23.4,False,287,8
u09,2026-02-19,260,15,49,103,6.8,23.6,False,260,15
u09,2026-02-20,277,11,48,141,7.9,23.5,False,277,11
u09,2026-02-21,234,20,39,77,8.2,23.9,False,234,20
u09,2026-02-22,277,24,56,132,7.6,24.0,False,277,24
u09,2026-02-23,245,17,43,102,7.5,23.6,False,245,17
u09,2026-02-24,295,20,60,117,8.1,24.1,False,295,20
u09,2026-02-25,280,18,43,93,7.0,23.9,False,280,18
u09,2026-02-26,244,13,43,83,6.2,23.9,False,244,13
u09,2026-02-27,184,20,36,66,7.3,23.6,False,184,20
u09,2026-02-28,260,22,46,120,7.1,23.8,False,260,22
u09,2026-03-01,341,23,42,153,6.9,24.1,False,341,23
u09,2026-03-02,215,14,43,68,7.6,23.5,False,215,14
u09,2026-03-03,212,16,29,99,6.5,23.3,False,212,16
u09,2026-03-04,263,14,54,88,6.8,23.3,True,263,14
u09,2026-03-05,227,8,38,100,7.3,23.5,False,227,8
u09,2026-03-06,284,20,53,109,6.3,23.9,False,284,20
u09,2026-03-07,257,25,44,94,6.9,23.7,False,257,25
u09,2026-03-08,372,13,57,155,6.3,23.8,False,372,13
u09,2026-03-09,267,9,51,108,7.5,23.3,False,267,9
u09,2026-03-10,301,17,44,138,6.3,23.4,False,301,17
u09,2026-03-11,219,18,30,84,8.3,23.4,False,219,18
u09,2026-03-12,275,14,37,115,8.2,23.5,False,275,14
u09,2026-03-13,291,17,46,114,6.9,24.0,True,291,17
u09,2026-03-14,346,21,44,129,6.8,23.9,False,346,21
u09,2026-03-15,250,22,30,81,6.6,24.5,False,250,22
u09,2026-03-16,234,15,46,113,6.6,24.0,False,234,15
u09,2026-03-17,252,26,63,85,7.4,23.7,False,252,26
u09,2026-03-18,230,20,43,104,7.7,23.6,False,230,20
u09,2026-03-19,297,23,57,128,7.9,23.9,False,297,23
u09,2026-03-20,270,13,44,74,6.3,23.6,False,270,13
u09,2026-03-21,270,24,43,100,7.4,24.2,False,270,24
u09,2026-03-22,259,19,45,95,6.6,23.8,False,259,19
u09,2026-03-23,290,16,48,115,7.7,23.2,False,290,16
u09,2026-03-24,234,16,33,86,5.6,23.5,False,234,16
u09,2026-03-25,234,15,40,89,6.8,23.9,False,234,15
u09,2026-03-26,261,19,50,121,6.5,23.7,False,261,19
u09,2026-03-27,147,8,29,46,7.0,23.6,False,147,8
u09,2026-03-28,216,21,22,89,7.6,24.1,False,216,21
u09,2026-03-29,286,19,52,105,6.8,24.0,False,286,19
u09,2026-03-30,269,12,50,98,5.9,23.5,False,269,12
u09,2026-03-31,269,9,41,105,6.3,23.3,False,269,9
u09,2026-04-01,249,8,41,84,7.0,23.3,False,249,8
u09,2026-04-02,254,10,46,94,6.9,23.4,False,254,10
u09,2026-04-03,275,17,37,114,7.1,23.7,False,275,17
u09,2026-04-04,253,23,40,99,6.9,23.9,False,253,23
u09,2026-04-05,297,29,56,144,6.6,24.8,False,297,29
u09,2026-04-06,206,17,38,59,6.8,23.9,False,206,17
u09,2026-04-07,320,21,54,114,7.0,24.0,False,320,21
u09,2026-04-08,266,12,43,120,6.0,23.5,False,266,12
u09,2026-04-09,262,15,38,109,6.7,23.2,False,262,15
u09,2026-04-10,287,14,46,111,6.7,23.5,False,287,14
u09,2026-04-11,261,21,50,96,7.5,24.2,False,261,21
u09,2026-04-12,232,15,34,101,6.7,23.6,False,232,15
u09,2026-04-13,213,9,26,79,6.6,23.6,False,213,9
u09,2026-04-14,293,5,64,118,5.6,23.4,False,293,5
u09,2026-04-15,267,21,43,100,7.9,23.5,False,267,21
u09,2026-04-16,256,17,68,121,6.3,23.6,True,256,17
u09,2026-04-17,301,20,47,125,7.9,23.7,False,301,20
u09,2026-04-18,236,17,51,76,7.2,23.6,True,236,17
u09,2026-04-19,227,24,30,81,6.9,24.2,False,227,24
u09,2026-04-20,202,15,34,62,6.3,23.5,False,202,15
u09,2026-04-21,263,19,29,117,6.5,23.7,False,263,19
u09,2026-04-22,269,22,45,116,7.4,23.6,False,269,22
u09,2026-04-23,255,19,44,115,7.0,23.8,False,255,19
u09,2026-04-24,242,10,40,68,6.4,22.9,False,242,10
u09,2026-04-25,202,17,23,75,6.3,23.8,False,202,17
u09,2026-04-26,203,19,36,88,7.0,23.9,False,203,19
u09,2026-04-27,205,10,42,113,7.2,23.2,False,205,10
u09,2026-04-28,252,17,40,93,6.4,23.7,False,252,17
u09,2026-04-29,226,24,39,113,7.4,24.0,True,226,24
u09,2026-04-30,283,18,48,88,6.9,23.9,False,283,18
u09,2026-05-01,314,14,36,135,7.5,23.5,False,314,14
u09,2026-05-02,267,22,49,146,7.0,23.8,False,267,22
u09,2026-05-03,238,31,40,104,8.9,23.9,False,238,31
u09,2026-05-04,291,18,53,143,7.3,24.1,False,291,18
u09,2026-05-05,259,17,53,93,7.7,23.9,False,259,17
u09,2026-05-06,271,8,43,118,7.0,23.9,False,271,8
u09,2026-05-07,210,18,35,55,6.1,23.8,False,210,18
u09,2026-05-08,275,15,50,145,6.8,23.3,False,275,15
u09,2026-05-09,262,21,35,96,6.8,24.4,False,262,21
u09,2026-05-10,298,21,43,126,6.9,24.3,True,298,21
u09,2026-05-11,343,17,56,136,7.8,23.7,False,343,17
u09,2026-05-12,244,18,34,90,5.7,23.6,False,244,18
u09,2026-05-13,281,15,40,118,6.1,23.8,False,281,15
u09,2026-05-14,281,14,61,97,7.4,24.0,False,281,14
u09,2026-05-15,234,9,46,87,7.0,23.5,False,234,9
u09,2026-05-16,247,22,40,90,7.1,24.6,False,247,22
u09,2026-05-17,267,19,42,114,7.3,23.7,False,267,19
u09,2026-05-18,195,17,23,75,7.7,23.5,False,195,17
u09,2026-05-19,316,18,61,112,7.9,24.0,False,316,18
u09,2026-05-20,313,14,59,117,7.4,23.4,False,313,14
u09,2026-05-21,190,14,40,89,6.9,23.4,False,190,14
u09,2026-05-22,270,15,58,94,7.6,24.0,False,270,15
u09,2026-05-23,251,21,31,102,6.7,24.3,False,251,21
u09,2026-05-24,296,18,42,122,7.5,24.2,False,296,18
u09,2026-05-25,308,18,54,144,7.3,23.6,False,308,18
u09,2026-05-26,232,21,43,111,5.5,23.2,False,232,21
u09,2026-05-27,300,15,37,127,6.9,22.8,False,300,15
u09,2026-05-28,297,14,48,102,6.3,23.7,False,297,14
u09,2026-05-29,277,10,44,98,6.9,23.4,False,277,10
u09,2026-05-30,278,20,52,95,7.2,24.0,False,278,20
u09,2026-05-31,285,23,46,97,7.7,24.0,False,285,23
u09,2026-06-01,263,7,34,100,6.7,23.5,False,263,7
u09,2026-06-02,280,17,50,106,8.4,23.8,False,280,17
u09,2026-06-03,263,14,54,111,5.9,23.9,False,263,14
u09,2026-06-04,330,14,45,131,7.4,23.9,True,330,14
u09,2026-06-05,276,16,49,83,7.8,23.3,False,276,16
u10,2026-02-14,248,17,46,105,7.8,22.6,False,248,17
u10,2026-02-15,233,16,38,123,6.9,22.3,True,233,16
u10,2026-02-16,260,3,52,88,5.9,22.1,False,260,3
u10,2026-02-17,260,9,43,101,6.9,22.5,False,260,9
u10,2026-02-18,252,8,47,110,6.8,22.1,False,252,8
u10,2026-02-19,217,4,32,67,7.4,21.9,False,217,4
u10,2026-02-20,243,8,44,103,6.0,22.5,False,243,8
u10,2026-02-21,294,15,36,122,5.3,23.2,False,294,15
u10,2026-02-22,332,18,46,130,7.6,22.6,False,332,18
u10,2026-02-23,287,14,50,102,6.0,22.4,False,287,14
u10,2026-02-24,319,17,58,141,7.0,22.5,False,319,17
u10,2026-02-25,248,9,51,85,7.1,22.0,False,248,9
u10,2026-02-26,162,0,24,79,6.8,22.6,False,162,0
u10,2026-02-27,280,6,52,89,7.5,22.2,False,280,6
u10,2026-02-28,295,17,50,122,7.6,22.8,False,295,17
u10,2026-03-01,224,7,43,83,7.5,22.6,False,224,7
u10,2026-03-02,260,7,35,111,6.9,22.0,False,260,7
u10,2026-03-03,179,4,43,88,6.8,22.1,False,179,4
u10,2026-03-04,263,12,45,94,6.7,22.5,False,263,12
u10,2026-03-05,264,5,51,81,6.2,22.0,False,264,5
u10,2026-03-06,234,18,42,96,6.6,22.2,False,234,18
u10,2026-03-07,267,22,33,117,7.2,23.0,False,267,22
u10,2026-03-08,214,22,31,98,6.8,23.4,False,214,22
u10,2026-03-09,227,9,45,97,7.6,22.2,False,227,9
u10,2026-03-10,244,9,44,115,6.4,22.5,False,244,9
u10,2026-03-11,245,7,42,84,7.7,22.4,False,245,7
u10,2026-03-12,247,5,38,88,6.9,22.3,False,247,5
u10,2026-03-13,325,4,65,162,7.1,22.0,True,325,4
u10,2026-03-14,237,18,32,106,6.5,22.9,False,237,18
u10,2026-03-15,205,15,49,75,6.6,22.8,False,205,15
u10,2026-03-16,251,5,37,76,6.8,21.8,False,251,5
u10,2026-03-17,260,13,47,106,6.8,22.4,False,260,13
u10,2026-03-18,273,15,46,109,7.6,22.3,False,273,15
u10,2026-03-19,321,12,42,98,6.3,22.2,False,321,12
u10,2026-03-20,247,7,32,101,7.9,22.4,False,247,7
u10,2026-03-21,255,17,38,114,7.8,23.3,False,255,17
u10,2026-03-22,286,14,38,129,6.9,23.2,False,286,14
u10,2026-03-23,317,10,47,119,7.2,21.8,False,317,10
u10,2026-03-24,312,13,54,134,7.2,22.4,False,312,13
u10,2026-03-25,244,8,39,82,7.4,22.6,False,244,8
u10,2026-03-26,267,13,43,92,6.1,22.5,False,267,13
u10,2026-03-27,238,14,31,98,7.6,22.0,True,238,14
u10,2026-03-28,274,18,45,113,8.2,22.8,False,274,18
u10,2026-03-29,276,18,50,138,6.5,23.3,False,276,18
u10,2026-03-30,267,12,39,127,6.4,22.4,False,267,12
u10,2026-03-31,271,13,53,126,7.3,22.4,False,271,13
u10,2026-04-01,292,8,62,122,7.8,22.0,False,292,8
u10,2026-04-02,258,11,50,85,6.6,22.6,False,258,11
u10,2026-04-03,259,10,58,115,6.5,22.2,False,259,10
u10,2026-04-04,292,18,45,117,7.1,22.6,False,292,18
u10,2026-04-05,239,17,45,105,7.8,22.5,False,239,17
u10,2026-04-06,253,8,40,95,7.3,21.7,False,253,8
u10,2026-04-07,265,17,45,92,7.3,21.9,False,265,17
u10,2026-04-08,286,12,52,112,6.9,21.6,False,286,12
u10,2026-04-09,267,17,39,116,7.8,22.0,False,267,17
u10,2026-04-10,251,5,38,98,7.6,21.5,False,251,5
u10,2026-04-11,233,14,49,87,7.1,22.5,False,233,14
u10,2026-04-12,238,16,33,105,7.3,22.5,False,238,16
u10,2026-04-13,229,11,35,102,7.5,21.8,False,229,11
u10,2026-04-14,227,8,32,93,6.0,22.0,False,227,8
u10,2026-04-15,295,12,31,132,6.0,22.1,False,295,12
u10,2026-04-16,223,9,29,79,7.1,22.8,False,223,9
u10,2026-04-17,305,18,50,130,7.1,22.7,True,305,18
u10,2026-04-18,275,25,48,116,6.7,23.1,False,275,25
u10,2026-04-19,289,23,50,101,6.2,22.8,False,289,23
u10,2026-04-20,243,8,43,94,8.4,22.1,False,243,8
u10,2026-04-21,290,11,57,82,6.8,21.8,False,290,11
u10,2026-04-22,274,8,61,116,8.0,22.3,False,274,8
u10,2026-04-23,265,6,45,82,7.4,22.4,False,265,6
u10,2026-04-24,258,6,43,122,7.3,22.5,True,258,6
u10,2026-04-25,267,13,37,95,7.5,22.8,True,267,13
u10,2026-04-26,232,20,43,78,6.0,22.4,False,232,20
u10,2026-04-27,283,12,51,97,7.3,22.0,False,283,12
u10,2026-04-28,271,12,52,91,7.5,22.4,False,271,12
u10,2026-04-29,278,11,31,108,7.0,22.4,False,278,11
u10,2026-04-30,300,15,48,84,6.8,22.4,False,300,15
u10,2026-05-01,265,24,47,110,7.4,22.1,False,265,24
u10,2026-05-02,222,28,29,99,6.2,23.1,False,222,28
u10,2026-05-03,174,14,29,97,6.6,22.8,True,174,14
u10,2026-05-04,267,16,42,112,7.2,22.1,False,267,16
u10,2026-05-05,190,10,31,87,6.2,22.5,False,190,10
u10,2026-05-06,302,12,55,121,7.6,21.9,True,302,12
u10,2026-05-07,278,13,49,105,6.9,22.1,False,278,13
u10,2026-05-08,237,9,37,102,7.6,22.2,False,237,9
u10,2026-05-09,248,15,43,88,7.5,22.3,False,248,15
u10,2026-05-10,223,18,34,86,6.6,22.3,False,223,18
u10,2026-05-11,191,7,26,69,6.2,22.5,False,191,7
u10,2026-05-12,232,7,53,95,6.4,22.2,False,232,7
u10,2026-05-13,304,12,51,120,6.6,22.6,False,304,12
u10,2026-05-14,262,21,33,106,7.1,22.3,False,262,21
u10,2026-05-15,294,16,64,126,6.4,22.8,False,294,16
u10,2026-05-16,245,13,44,90,6.6,22.6,False,245,13
u10,2026-05-17,220,17,34,68,6.7,23.0,False,220,17
u10,2026-05-18,300,3,48,118,7.0,22.0,False,300,3
u10,2026-05-19,287,7,39,116,7.8,22.2,False,287,7
u10,2026-05-20,263,10,50,121,6.4,22.1,True,263,10
u10,2026-05-21,264,13,56,118,7.9,21.9,False,264,13
u10,2026-05-22,285,14,57,96,7.2,22.4,False,285,14
u10,2026-05-23,262,18,49,112,7.7,22.4,False,262,18
u10,2026-05-24,321,23,62,115,6.4,22.9,False,321,23
u10,2026-05-25,285,13,42,110,7.7,22.4,False,285,13
u10,2026-05-26,201,14,35,113,7.2,22.6,False,201,14
u10,2026-05-27,312,13,49,127,7.7,22.6,False,312,13
u10,2026-05-28,212,17,35,83,5.9,21.8,False,212,17
u10,2026-05-29,192,8,28,46,5.5,21.8,False,192,8
u10,2026-05-30,224,12,37,88,7.6,22.6,False,224,12
u10,2026-05-31,275,14,23,91,7.8,22.9,False,275,14
u10,2026-06-01,278,16,55,113,7.5,22.1,False,278,16
u10,2026-06-02,337,13,47,128,7.0,22.3,False,337,13
u10,2026-06-03,211,15,45,96,6.5,22.7,False,211,15
u10,2026-06-04,243,11,45,75,8.1,22.7,False,243,11
u10,2026-06-05,332,9,45,142,7.5,22.2,True,332,9
u11,2026-02-14,294,19,65,125,5.8,23.0,False,294,19
u11,2026-02-15,294,27,41,120,7.3,23.3,False,294,27
u11,2026-02-16,221,12,37,75,6.3,23.1,False,221,12
u11,2026-02-17,257,17,40,112,6.1,22.7,False,257,17
u11,2026-02-18,293,14,53,123,7.3,22.6,False,293,14
u11,2026-02-19,253,15,57,93,7.1,23.1,False,253,15
u11,2026-02-20,300,8,55,123,6.4,22.3,False,300,8
u11,2026-02-21,194,16,21,73,7.6,22.8,False,194,16
u11,2026-02-22,190,16,31,75,7.6,23.1,False,190,16
u11,2026-02-23,281,17,43,105,6.3,22.4,False,281,17
u11,2026-02-24,177,15,17,46,7.5,22.6,False,177,15
u11,2026-02-25,221,12,33,70,7.8,22.3,False,221,12
u11,2026-02-26,276,18,44,126,7.0,22.4,False,276,18
u11,2026-02-27,258,6,37,99,6.6,22.8,False,258,6
u11,2026-02-28,259,16,35,117,7.9,23.5,False,259,16
u11,2026-03-01,286,14,46,108,7.5,24.0,False,286,14
u11,2026-03-02,270,5,47,104,6.8,22.8,False,270,5
u11,2026-03-03,215,16,31,99,6.0,22.9,False,215,16
u11,2026-03-04,270,14,37,108,7.2,22.6,False,270,14
u11,2026-03-05,341,16,57,146,7.4,23.3,False,341,16
u11,2026-03-06,244,13,48,100,7.8,22.7,False,244,13
u11,2026-03-07,240,22,51,90,7.9,23.1,False,240,22
u11,2026-03-08,388,19,69,148,7.5,23.2,False,388,19
u11,2026-03-09,314,9,59,134,7.0,22.8,False,314,9
u11,2026-03-10,257,8,47,94,6.5,22.7,False,257,8
u11,2026-03-11,277,12,46,102,6.8,22.8,False,277,12
u11,2026-03-12,345,14,60,130,7.0,22.6,False,345,14
u11,2026-03-13,320,10,43,119,6.2,22.3,False,320,10
u11,2026-03-14,304,23,56,125,7.0,23.9,False,304,23
u11,2026-03-15,206,19,39,64,6.5,23.3,False,206,19
u11,2026-03-16,268,10,46,101,5.9,22.8,True,268,10
u11,2026-03-17,279,14,52,121,6.7,23.0,False,279,14
u11,2026-03-18,280,12,41,124,7.7,23.0,False,280,12
u11,2026-03-19,190,12,42,60,6.2,22.8,False,190,12
u11,2026-03-20,259,3,32,125,7.2,22.4,False,259,3
u11,2026-03-21,231,19,30,82,7.7,23.1,False,231,19
u11,2026-03-22,301,22,58,120,6.4,23.0,False,301,22
u11,2026-03-23,325,11,60,140,6.1,22.7,False,325,11
u11,2026-03-24,237,19,32,77,6.1,23.5,False,237,19
u11,2026-03-25,250,16,47,97,6.2,22.7,False,250,16
u11,2026-03-26,290,17,71,124,7.2,23.6,False,290,17
u11,2026-03-27,354,18,55,110,7.9,22.8,False,354,18
u11,2026-03-28,248,21,50,90,7.4,23.4,False,248,21
u11,2026-03-29,260,21,38,93,6.8,23.5,False,260,21
u11,2026-03-30,359,11,63,145,6.6,23.5,False,359,11
u11,2026-03-31,283,14,54,89,6.2,23.0,False,283,14
u11,2026-04-01,270,15,47,111,6.5,23.0,False,270,15
u11,2026-04-02,310,13,57,138,6.5,23.2,False,310,13
u11,2026-04-03,298,12,57,107,6.4,23.1,False,298,12
u11,2026-04-04,354,24,71,165,7.1,23.4,False,354,24
u11,2026-04-05,271,27,31,112,7.4,23.8,False,271,27
u11,2026-04-06,290,22,50,106,6.9,23.5,False,290,22
u11,2026-04-07,274,19,40,111,5.7,22.7,False,274,19
u11,2026-04-08,351,19,54,150,6.7,23.0,True,351,19
u11,2026-04-09,264,16,37,93,7.0,23.1,False,264,16
u11,2026-04-10,202,12,53,93,8.4,22.9,False,202,12
u11,2026-04-11,352,20,66,126,7.4,23.6,False,352,20
u11,2026-04-12,278,17,53,116,5.6,23.4,False,278,17
u11,2026-04-13,257,13,44,116,6.8,23.0,True,257,13
u11,2026-04-14,238,8,48,102,7.5,22.7,False,238,8
u11,2026-04-15,278,11,46,105,6.4,22.7,False,278,11
u11,2026-04-16,227,14,46,82,6.4,23.2,False,227,14
u11,2026-04-17,298,13,57,104,7.3,22.9,False,298,13
u11,2026-04-18,315,21,62,95,7.3,23.6,False,315,21
u11,2026-04-19,232,18,48,81,7.3,23.1,False,232,18
u11,2026-04-20,269,12,40,93,7.5,22.8,False,269,12
u11,2026-04-21,243,14,38,93,7.4,22.6,False,243,14
u11,2026-04-22,267,18,39,87,7.7,22.6,False,267,18
u11,2026-04-23,298,15,53,123,7.7,23.0,False,298,15
u11,2026-04-24,229,16,38,71,7.7,22.8,False,229,16
u11,2026-04-25,254,21,60,89,6.0,23.6,False,254,21
u11,2026-04-26,257,22,29,102,6.9,24.0,False,257,22
u11,2026-04-27,231,19,33,77,7.6,23.5,False,231,19
u11,2026-04-28,210,18,24,98,6.8,23.2,False,210,18
u11,2026-04-29,222,13,39,108,6.8,23.0,False,222,13
u11,2026-04-30,259,15,38,110,7.0,23.1,False,259,15
u11,2026-05-01,269,8,39,110,7.2,22.6,False,269,8
u11,2026-05-02,332,18,60,132,7.4,23.6,False,332,18
u11,2026-05-03,369,25,65,151,6.9,23.2,False,369,25
u11,2026-05-04,234,15,39,91,7.7,22.7,False,234,15
u11,2026-05-05,390,15,69,148,7.1,23.0,False,390,15
u11,2026-05-06,205,15,26,96,7.9,23.4,False,205,15
u11,2026-05-07,307,15,46,119,6.9,23.3,False,307,15
u11,2026-05-08,306,8,40,119,7.0,23.1,False,306,8
u11,2026-05-09,257,17,45,98,6.9,23.4,False,257,17
u11,2026-05-10,217,20,45,110,7.8,23.2,False,217,20
u11,2026-05-11,319,16,55,162,6.7,22.9,False,319,16
u11,2026-05-12,188,13,37,84,7.3,23.1,False,188,13
u11,2026-05-13,245,17,42,101,6.8,22.8,False,245,17
u11,2026-05-14,237,11,51,84,7.8,22.6,False,237,11
u11,2026-05-15,189,15,24,68,7.0,22.7,False,189,15
u11,2026-05-16,265,19,57,118,7.4,23.4,False,265,19
u11,2026-05-17,335,8,70,145,7.9,22.9,False,335,8
u11,2026-05-18,337,12,55,154,7.6,23.1,False,337,12
u11,2026-05-19,299,8,41,130,6.7,23.0,False,299,8
u11,2026-05-20,276,13,44,116,6.9,22.9,False,276,13
u11,2026-05-21,283,16,36,108,7.0,23.1,False,283,16
u11,2026-05-22,324,17,48,148,6.7,22.6,False,324,17
u11,2026-05-23,210,28,30,103,7.0,23.5,True,210,28
u11,2026-05-24,235,19,39,87,7.3,23.0,False,235,19
u11,2026-05-25,288,11,40,106,7.1,22.6,False,288,11
u11,2026-05-26,305,22,48,130,7.1,22.9,False,305,22
u11,2026-05-27,251,17,33,116,7.3,23.4,False,251,17
u11,2026-05-28,334,13,53,145,7.6,23.2,False,334,13
u11,2026-05-29,211,15,34,88,6.4,22.4,False,211,15
u11,2026-05-30,257,20,43,103,6.4,23.5,False,257,20
u11,2026-05-31,275,21,55,111,6.8,22.8,True,275,21
u11,2026-06-01,278,16,50,101,7.1,23.4,False,278,16
u11,2026-06-02,328,25,56,99,7.6,23.3,False,328,25
u11,2026-06-03,226,14,21,76,6.7,22.8,False,226,14
u11,2026-06-04,269,18,28,112,7.6,22.7,False,269,18
u11,2026-06-05,255,14,47,107,7.0,22.7,False,255,14
u12,2026-02-14,260,20,36,99,7.6,24.1,False,260,20
u12,2026-02-15,275,15,53,97,6.5,24.5,False,275,15
u12,2026-02-16,328,6,65,142,7.0,23.7,False,328,6
u12,2026-02-17,314,17,42,129,7.8,23.6,False,314,17
u12,2026-02-18,272,18,37,106,6.7,23.8,False,272,18
u12,2026-02-19,309,16,37,114,7.7,23.8,False,309,16
u12,2026-02-20,267,16,42,121,7.5,24.1,False,267,16
u12,2026-02-21,231,20,37,88,7.3,23.8,False,231,20
u12,2026-02-22,248,18,49,96,7.4,24.5,True,248,18
u12,2026-02-23,352,15,60,149,6.6,23.5,False,352,15
u12,2026-02-24,317,7,48,125,7.2,23.6,False,317,7
u12,2026-02-25,226,6,33,91,5.9,23.3,False,226,6
u12,2026-02-26,267,16,47,117,6.9,23.4,False,267,16
u12,2026-02-27,309,17,49,116,5.7,23.4,False,309,17
u12,2026-02-28,238,17,35,70,7.6,23.9,False,238,17
u12,2026-03-01,378,21,82,153,6.7,23.4,False,378,21
u12,2026-03-02,306,15,50,139,6.0,23.4,False,306,15
u12,2026-03-03,234,13,43,86,6.9,23.7,False,234,13
u12,2026-03-04,253,17,41,110,7.4,23.8,False,253,17
u12,2026-03-05,293,12,71,131,7.9,23.9,False,293,12
u12,2026-03-06,202,10,48,65,7.8,23.9,False,202,10
u12,2026-03-07,270,16,51,85,7.3,23.9,False,270,16
u12,2026-03-08,254,22,37,121,7.3,23.9,False,254,22
u12,2026-03-09,227,11,37,89,6.5,23.8,False,227,11
u12,2026-03-10,206,13,21,74,6.3,23.5,False,206,13
u12,2026-03-11,244,20,33,114,7.0,24.0,False,244,20
u12,2026-03-12,283,16,46,118,6.7,23.5,False,283,16
u12,2026-03-13,283,19,40,104,7.3,23.7,False,283,19
u12,2026-03-14,267,27,35,112,6.1,24.4,False,267,27
u12,2026-03-15,234,25,35,100,6.4,24.8,False,234,25
u12,2026-03-16,301,18,45,110,7.1,23.9,True,301,18
u12,2026-03-17,294,14,50,142,6.8,23.5,False,294,14
u12,2026-03-18,215,12,21,96,6.8,23.5,False,215,12
u12,2026-03-19,201,13,23,93,6.4,23.5,False,201,13
u12,2026-03-20,281,18,49,109,7.8,23.4,False,281,18
u12,2026-03-21,272,24,48,111,7.1,24.0,False,272,24
u12,2026-03-22,347,18,66,122,6.6,24.5,False,347,18
u12,2026-03-23,260,14,32,86,6.7,23.2,False,260,14
u12,2026-03-24,221,9,37,95,6.6,23.4,False,221,9
u12,2026-03-25,273,12,45,101,7.1,23.5,True,273,12
u12,2026-03-26,259,12,36,109,6.3,22.5,False,259,12
u12,2026-03-27,334,11,50,163,7.1,23.5,False,334,11
u12,2026-03-28,325,19,56,146,6.9,23.6,False,325,19
u12,2026-03-29,226,27,34,69,5.8,24.5,False,226,27
u12,2026-03-30,294,22,58,119,6.3,23.5,True,294,22
u12,2026-03-31,306,18,49,135,7.3,23.6,False,306,18
u12,2026-04-01,249,12,30,86,7.5,23.0,False,249,12
u12,2026-04-02,309,10,45,117,7.0,23.5,False,309,10
u12,2026-04-03,213,12,31,65,7.6,23.7,False,213,12
u12,2026-04-04,290,16,45,96,6.4,24.1,False,290,16
u12,2026-04-05,224,25,48,63,7.3,24.0,False,224,25
u12,2026-04-06,265,22,42,95,6.8,23.4,False,265,22
u12,2026-04-07,341,12,46,161,6.3,23.6,False,341,12
u12,2026-04-08,337,13,64,129,5.8,23.4,False,337,13
u12,2026-04-09,215,19,29,102,7.6,23.5,True,215,19
u12,2026-04-10,246,24,45,114,6.2,23.6,False,246,24
u12,2026-04-11,194,25,34,94,6.3,24.1,False,194,25
u12,2026-04-12,264,21,34,120,7.8,24.2,False,264,21
u12,2026-04-13,314,14,59,98,7.6,23.4,False,314,14
u12,2026-04-14,312,19,62,131,7.0,23.9,False,312,19
u12,2026-04-15,257,19,35,102,7.0,23.8,False,257,19
u12,2026-04-16,171,18,40,65,7.5,23.2,False,171,18
u12,2026-04-17,217,13,42,57,6.8,23.1,True,217,13
u12,2026-04-18,221,15,30,95,6.9,24.1,False,221,15
u12,2026-04-19,260,19,35,137,6.6,23.7,False,260,19
u12,2026-04-20,224,7,38,96,6.6,23.1,False,224,7
u12,2026-04-21,274,14,46,104,7.0,23.7,False,274,14
u12,2026-04-22,250,12,34,115,7.1,23.5,True,250,12
u12,2026-04-23,292,23,47,106,6.5,23.1,False,292,23
u12,2026-04-24,337,19,56,127,7.0,23.5,False,337,19
u12,2026-04-25,334,27,57,139,7.1,24.1,False,334,27
u12,2026-04-26,299,20,48,128,6.8,24.1,False,299,20
u12,2026-04-27,260,20,37,94,7.8,23.6,False,260,20
u12,2026-04-28,324,14,47,115,6.4,23.8,False,324,14
u12,2026-04-29,323,11,43,99,7.3,23.6,False,323,11
u12,2026-04-30,180,14,24,48,6.7,23.7,False,180,14
u12,2026-05-01,254,15,42,95,7.3,23.7,False,254,15
u12,2026-05-02,297,19,48,93,7.5,23.7,False,297,19
u12,2026-05-03,229,12,38,92,5.5,24.2,False,229,12
u12,2026-05-04,303,14,42,127,6.6,23.8,False,303,14
u12,2026-05-05,234,13,35,102,6.7,23.0,False,234,13
u12,2026-05-06,248,17,51,103,7.5,23.9,False,248,17
u12,2026-05-07,204,14,27,79,6.6,24.0,False,204,14
u12,2026-05-08,232,13,40,98,6.5,23.3,False,232,13
u12,2026-05-09,367,19,51,173,6.3,24.0,False,367,19
u12,2026-05-10,279,21,39,120,7.2,23.7,False,279,21
u12,2026-05-11,261,18,63,97,8.0,23.9,False,261,18
u12,2026-05-12,217,16,36,73,7.2,23.3,False,217,16
u12,2026-05-13,317,15,50,122,7.3,23.7,False,317,15
u12,2026-05-14,208,14,38,89,6.5,23.8,False,208,14
u12,2026-05-15,258,11,30,108,7.3,23.7,False,258,11
u12,2026-05-16,275,14,50,104,7.3,23.8,False,275,14
u12,2026-05-17,225,22,38,102,7.8,23.7,False,225,22
u12,2026-05-18,266,11,46,83,5.8,23.7,False,266,11
u12,2026-05-19,285,9,51,120,6.2,24.3,False,285,9
u12,2026-05-20,299,7,42,120,6.8,23.4,False,299,7
u12,2026-05-21,242,10,55,114,8.0,23.5,False,242,10
u12,2026-05-22,292,11,37,117,6.6,23.5,False,292,11
u12,2026-05-23,270,18,53,98,7.4,24.4,False,270,18
u12,2026-05-24,244,24,41,96,7.6,24.3,True,244,24
u12,2026-05-25,303,15,55,155,6.8,23.7,False,303,15
u12,2026-05-26,289,10,42,133,6.3,23.3,False,289,10
u12,2026-05-27,206,9,32,92,7.0,23.0,False,206,9
u12,2026-05-28,239,8,37,143,7.2,23.6,False,239,8
u12,2026-05-29,256,19,47,94,7.0,23.7,False,256,19
u12,2026-05-30,202,24,43,86,6.9,24.6,False,202,24
u12,2026-05-31,291,18,53,98,6.5,24.4,False,291,18
u12,2026-06-01,230,11,28,108,8.2,23.6,False,230,11
u12,2026-06-02,337,13,55,130,7.5,23.7,False,337,13
u12,2026-06-03,216,15,43,104,6.6,23.4,False,216,15
u12,2026-06-04,304,12,38,101,6.1,23.6,False,304,12
u12,2026-06-05,227,13,30,97,7.3,24.0,True,227,13
