user_id,date,steps,active_minutes,sedentary_minutes,distance_km,floors,is_imputed,f_steps:count
u01,2026-02-14,7250,70,650,5.45,18,False,7250
u01,2026-02-15,6610,68,664,4.74,2,True,6610
u01,2026-02-16,8116,72,633,5.66,2,True,8116
u01,2026-02-17,7172,60,673,5.29,16,False,7172
u01,2026-02-18,6787,77,626,5.1,13,False,6787
u01,2026-02-19,5316,43,680,3.88,5,False,5316
u01,2026-02-20,7359,63,668,5.62,14,False,7359
u01,2026-02-21,8171,77,627,5.96,15,False,8171
u01,2026-02-22,6221,54,644,4.38,12,False,6221
u01,2026-02-23,3796,37,676,2.54,13,False,3796
u01,2026-02-24,8807,73,636,6.73,3,False,8807
u01,2026-02-25,6560,51,662,4.75,16,False,6560
u01,2026-02-26,7560,66,632,5.66,14,False,7560
u01,2026-02-27,5959,58,684,4.18,4,False,5959
u01,2026-02-28,5644,51,663,4.05,18,False,5644
u01,2026-03-01,8096,80,649,6.06,19,False,8096
u01,2026-03-02,6928,62,625,5.4,18,False,6928
u01,2026-03-03,8206,76,632,5.93,8,False,8206
u01,2026-03-04,8626,74,678,6.17,19,False,8626
u01,2026-03-05,6796,54,648,5.08,12,True,6796
u01,2026-03-06,7455,62,664,5.61,17,False,7455
u01,2026-03-07,8373,72,690,6.18,17,False,8373
u01,2026-03-08,9349,95,625,7.24,14,False,9349
u01,2026-03-09,7386,61,689,5.18,2,False,7386
u01,2026-03-10,7213,61,641,5.23,5,False,7213
u01,2026-03-11,5743,59,651,4.29,14,False,5743
u01,2026-03-12,7878,68,651,5.72,19,False,7878
u01,2026-03-13,7502,71,638,5.68,3,False,7502
u01,2026-03-14,5245,36,691,3.92,5,False,5245
u01,2026-03-15,6041,50,634,4.46,4,False,6041
u01,2026-03-16,6632,63,636,5.44,8,False,6632
u01,2026-03-17,6101,47,699,4.36,14,False,6101
u01,2026-03-18,5748,53,669,4.24,18,False,5748
u01,2026-03-19,4276,39,691,3.29,6,True,4276
u01,2026-03-20,6425,56,697,4.65,19,False,6425
u01,2026-03-21,6291,56,629,4.73,10,False,6291
u01,2026-03-22,8256,79,581,6.35,7,False,8256
u01,2026-03-23,7321,66,689,5.52,16,False,7321
u01,2026-03-24,8449,82,610,6.47,18,False,8449
u01,2026-03-25,5752,56,665,4.22,7,False,5752
u01,2026-03-26,7292,74,613,5.4,4,False,7292
u01,2026-03-27,8277,73,596,6.58,8,False,8277
u01,2026-03-28,8597,79,639,6.53,6,False,8597
u01,2026-03-29,7173,60,669,5.56,5,False,7173
u01,2026-03-30,5836,56,647,4.23,3,False,5836
u01,2026-03-31,9254,81,588,6.88,6,False,9254
u01,2026-04-01,7499,71,655,5.84,14,False,7499
u01,2026-04-02,5483,48,709,4.12,16,True,5483
u01,2026-04-03,6348,57,628,4.5,3,True,6348
u01,2026-04-04,7416,69,666,5.37,3,False,7416
u01,2026-04-05,6184,52,673,4.61,11,False,6184
u01,2026-04-06,7495,65,617,5.92,16,False,7495
u01,2026-04-07,8616,75,665,6.55,9,False,8616
u01,2026-04-08,7550,66,657,5.5,14,False,7550
u01,2026-04-09,8808,83,634,6.59,7,False,8808
u01,2026-04-10,7502,66,679,5.63,4,False,7502
u01,2026-04-11,6585,57,663,4.59,15,False,6585
u01,2026-04-12,9378,89,656,7.01,17,False,9378
u01,2026-04-13,8793,83,689,6.51,13,False,8793
u01,2026-04-14,7841,70,654,5.84,17,True,7841
u01,2026-04-15,4706,55,673,3.34,8,False,4706
u01,2026-04-16,4391,35,673,3.35,13,False,4391
u01,2026-04-17,3867,43,707,2.8,5,False,3867
u01,2026-04-18,6136,57,638,4.43,9,False,6136
u01,2026-04-19,6836,67,643,5.48,17,False,6836
u01,2026-04-20,7708,68,651,5.69,9,False,7708
u01,2026-04-21,8896,87,629,6.39,13,False,8896
u01,2026-04-22,5428,44,662,4.3,18,False,5428
u01,2026-04-23,4657,46,692,3.76,19,False,4657
u01,2026-04-24,5067,47,667,3.59,11,False,5067
u01,2026-04-25,7240,70,607,5.33,5,False,7240
u01,2026-04-26,7642,67,676,5.68,5,False,7642
u01,2026-04-27,5778,55,700,4.24,19,False,5778
u01,2026-04-28,5721,48,661,4.0,18,False,5721
u01,2026-04-29,7321,65,682,5.26,19,False,7321
u01,2026-04-30,7335,65,644,5.91,4,False,7335
u01,2026-05-01,8754,76,624,6.43,18,False,8754
u01,2026-05-02,6449,56,646,4.72,12,False,6449
u01,2026-05-03,6765,55,698,5.21,9,True,6765
u01,2026-05-04,5584,50,697,4.08,12,False,5584
u01,2026-05-05,8429,84,650,6.17,16,False,8429
u01,2026-05-06,9096,97,603,6.6,14,False,9096
u01,2026-05-07,8492,73,663,6.46,10,False,8492
u01,2026-05-08,9041,78,620,6.81,4,False,9041
u01,2026-05-09,9810,91,642,7.57,16,False,9810
u01,2026-05-10,10159,95,614,7.52,7,False,10159
u01,2026-05-11,10629,90,619,8.22,6,False,10629
u01,2026-05-12,7169,54,656,5.39,4,False,7169
u01,2026-05-13,6014,56,623,4.39,15,False,6014
u01,2026-05-14,8781,86,599,6.66,13,False,8781
u01,2026-05-15,7061,71,646,5.35,4,False,7061
u01,2026-05-16,4543,41,658,3.45,15,False,4543
u01,2026-05-17,5748,59,677,4.14,7,True,5748
u01,2026-05-18,8314,75,668,6.2,14,False,8314
u01,2026-05-19,6865,55,634,5.09,9,False,6865
u01,2026-05-20,8268,74,616,6.33,12,False,8268
u01,2026-05-21,8005,78,639,6.25,4,False,8005
u01,2026-05-22,5461,50,709,4.25,5,False,5461
u01,2026-05-23,7383,64,640,5.67,6,False,7383
u01,2026-05-24,7301,67,663,5.68,10,False,7301
u01,2026-05-25,6440,60,627,5.06,14,False,6440
u01,2026-05-26,4863,45,657,3.55,10,False,4863
u01,2026-05-27,8924,83,646,6.45,14,True,8924
u01,2026-05-28,6384,60,655,4.81,10,False,6384
u01,2026-05-29,3936,41,689,3.24,17,True,3936
u01,2026-05-30,5303,49,673,3.71,2,False,5303
u01,2026-05-31,5591,50,669,3.99,18,False,5591
u01,2026-06-01,5883,55,664,4.41,4,False,5883
u01,2026-06-02,6393,61,686,4.67,6,False,6393
u01,2026-06-03,6300,49,669,4.91,15,False,6300
u01,2026-06-04,5639,57,680,4.23,15,False,5639
u01,2026-06-05,6587,68,646,5.09,13,False,6587
u02,2026-02-14,7366,68,638,5.33,15,True,7366
u02,2026-02-15,5961,51,630,4.61,4,False,5961
u02,2026-02-16,5331,50,626,4.25,18,False,5331
u02,2026-02-17,8691,83,675,6.22,9,False,8691
u02,2026-02-18,8178,74,641,6.23,5,False,8178
u02,2026-02-19,6729,57,651,4.98,16,False,6729
u02,2026-02-20,5957,47,668,4.32,16,False,5957
u02,2026-02-21,10555,96,630,7.92,8,False,10555
u02,2026-02-22,6247,64,658,4.7,2,False,6247
u02,2026-02-23,7765,69,633,6.06,9,False,7765
u02,2026-02-24,7854,77,636,5.76,6,False,7854
u02,2026-02-25,9282,88,629,7.29,18,False,9282
u02,2026-02-26,5870,50,681,4.12,19,False,5870
u02,2026-02-27,8169,76,659,6.0,13,False,8169
u02,2026-02-28,5609,43,655,3.97,18,False,5609
u02,2026-03-01,4000,30,676,2.79,5,False,4000
u02,2026-03-02,7860,74,637,5.89,4,False,7860
u02,2026-03-03,5946,59,676,4.44,6,False,5946
u02,2026-03-04,8037,81,651,6.24,13,False,8037
u02,2026-03-05,7194,73,661,5.41,7,False,7194
u02,2026-03-06,5292,43,683,3.63,8,False,5292
u02,2026-03-07,3959,38,676,3.01,5,False,3959
u02,2026-03-08,7641,70,643,6.12,19,False,7641
u02,2026-03-09,5480,41,725,3.94,5,False,5480
u02,2026-03-10,6247,56,665,4.83,6,False,6247
u02,2026-03-11,9545,92,593,7.35,18,False,9545
u02,2026-03-12,8339,75,650,6.16,13,True,8339
u02,2026-03-13,7148,60,634,5.53,7,False,7148
u02,2026-03-14,6792,55,698,5.0,3,False,6792
u02,2026-03-15,10484,102,621,7.6,8,True,10484
u02,2026-03-16,8459,71,638,6.61,10,False,8459
u02,2026-03-17,7237,71,665,5.5,19,False,7237
u02,2026-03-18,6417,48,708,4.66,17,False,6417
u02,2026-03-19,6542,64,648,4.74,11,False,6542
u02,2026-03-20,7051,63,618,5.47,19,True,7051
u02,2026-03-21,6466,65,666,5.17,15,False,6466
u02,2026-03-22,5338,52,660,4.27,15,False,5338
u02,2026-03-23,7994,82,600,5.66,2,False,7994
u02,2026-03-24,8812,72,652,6.61,4,True,8812
u02,2026-03-25,7339,67,643,5.5,16,False,7339
u02,2026-03-26,8491,75,619,6.29,18,False,8491
u02,2026-03-27,7230,68,681,4.96,16,False,7230
u02,2026-03-28,7605,70,669,5.55,12,False,7605
u02,2026-03-29,5379,50,666,4.2,16,False,5379
u02,2026-03-30,8420,80,661,6.53,5,False,8420
u02,2026-03-31,9553,86,647,7.18,11,False,9553
u02,2026-04-01,10130,96,612,7.74,9,False,10130
u02,2026-04-02,9047,79,613,7.03,14,False,9047
u02,2026-04-03,10351,94,606,7.65,3,False,10351
u02,2026-04-04,7480,64,647,5.79,17,False,7480
u02,2026-04-05,7982,71,651,6.05,15,False,7982
u02,2026-04-06,9689,86,616,7.13,16,False,9689
u02,2026-04-07,11933,108,633,8.54,10,False,11933
u02,2026-04-08,8821,77,600,6.74,9,False,8821
u02,2026-04-09,7654,65,673,5.47,17,False,7654
u02,2026-04-10,9526,83,639,7.1,8,False,9526
u02,2026-04-11,7542,64,665,5.49,19,True,7542
u02,2026-04-12,7531,71,655,5.54,3,False,7531
u02,2026-04-13,6398,57,686,4.78,4,False,6398
u02,2026-04-14,6837,53,661,5.48,7,True,6837
u02,2026-04-15,7361,78,616,5.03,17,False,7361
u02,2026-04-16,5898,56,670,4.2,3,False,5898
u02,2026-04-17,5907,57,646,4.2,17,False,5907
u02,2026-04-18,8213,66,637,6.18,14,False,8213
u02,2026-04-19,7682,67,682,5.86,2,False,7682
u02,2026-04-20,4957,39,663,3.68,4,False,4957
u02,2026-04-21,6986,65,655,5.19,15,False,6986
u02,2026-04-22,6422,59,628,4.71,8,False,6422
u02,2026-04-23,7345,69,656,5.46,19,False,7345
u02,2026-04-24,7204,77,655,5.53,5,False,7204
u02,2026-04-25,6631,68,641,4.67,10,False,6631
u02,2026-04-26,6678,59,674,5.04,16,False,6678
u02,2026-04-27,6133,53,682,4.52,11,False,6133
u02,2026-04-28,5294,58,668,3.78,5,False,5294
u02,2026-04-29,6621,55,648,4.95,18,False,6621
u02,2026-04-30,8124,82,646,5.98,8,False,8124
u02,2026-05-01,9626,92,641,7.15,19,False,9626
u02,2026-05-02,8757,84,634,6.46,13,False,8757
u02,2026-05-03,7550,67,667,5.91,13,False,7550
u02,2026-05-04,5610,52,665,4.03,10,False,5610
u02,2026-05-05,7832,72,644,5.94,13,False,7832
u02,2026-05-06,10030,93,632,7.57,10,False,10030
u02,2026-05-07,6963,54,676,4.98,9,False,6963
u02,2026-05-08,8105,72,641,5.98,19,False,8105
u02,2026-05-09,9951,90,647,7.24,9,False,9951
u02,2026-05-10,6265,57,656,4.58,17,False,6265
u02,2026-05-11,8106,67,648,6.21,18,False,8106
u02,2026-05-12,9066,78,625,6.53,8,False,9066
u02,2026-05-13,8941,78,665,6.4,16,False,8941
u02,2026-05-14,9401,85,646,7.42,16,False,9401
u02,2026-05-15,9180,83,633,6.77,3,False,9180
u02,2026-05-16,6978,61,632,5.12,4,False,6978
u02,2026-05-17,6452,50,665,5.07,18,False,6452
u02,2026-05-18,8639,77,637,6.34,7,False,8639
u02,2026-05-19,7768,72,634,5.81,15,False,7768
u02,2026-05-20,8305,76,650,6.04,18,False,8305
u02,2026-05-21,6500,59,671,4.75,19,False,6500
u02,2026-05-22,5856,57,678,4.21,10,False,5856
u02,2026-05-23,5661,49,650,4.05,4,False,5661
u02,2026-05-24,4981,39,659,3.61,11,False,4981
u02,2026-05-25,6280,59,687,4.75,19,False,6280
u02,2026-05-26,9293,104,596,7.02,11,False,9293
u02,2026-05-27,7838,74,641,6.07,10,False,7838
u02,2026-05-28,6574,58,646,4.82,14,False,6574
u02,2026-05-29,7844,65,664,5.6,18,False,7844
u02,2026-05-30,8076,66,670,6.14,17,False,8076
u02,2026-05-31,9058,80,653,6.75,18,False,9058
u02,2026-06-01,8912,83,651,6.67,17,False,8912
u02,2026-06-02,7755,68,658,5.64,13,False,7755
u02,2026-06-03,7613,72,648,5.69,6,False,7613
u02,2026-06-04,8228,78,620,6.03,16,False,8228
u02,2026-06-05,6351,58,659,4.85,14,False,6351
u03,2026-02-14,6914,58,682,5.41,12,False,6914
u03,2026-02-15,8267,74,657,5.92,2,False,8267
u03,2026-02-16,9029,86,630,6.74,7,False,9029
u03,2026-02-17,7343,66,650,5.55,19,False,7343
u03,2026-02-18,5590,50,690,4.06,7,False,5590
u03,2026-02-19,5993,48,697,4.47,12,False,5993
u03,2026-02-20,9997,96,626,7.43,13,False,9997
u03,2026-02-21,7533,64,638,5.53,4,True,7533
u03,2026-02-22,8899,83,637,6.85,7,False,8899
u03,2026-02-23,8402,79,656,6.24,15,False,8402
u03,2026-02-24,8087,77,649,6.27,3,False,8087
u03,2026-02-25,6138,58,658,4.6,5,False,6138
u03,2026-02-26,7001,62,655,5.22,19,False,7001
u03,2026-02-27,8581,75,648,6.09,16,False,8581
u03,2026-02-28,6028,52,693,4.68,9,False,6028
u03,2026-03-01,6887,64,648,5.04,11,False,6887
u03,2026-03-02,7559,66,628,5.27,17,False,7559
u03,2026-03-03,6642,56,646,5.16,2,False,6642
u03,2026-03-04,6955,53,676,4.88,12,False,6955
u03,2026-03-05,8011,71,692,6.02,3,False,8011
u03,2026-03-06,5961,52,677,4.18,15,False,5961
u03,2026-03-07,7434,63,627,5.54,15,False,7434
u03,2026-03-08,5792,50,690,4.61,6,False,5792
u03,2026-03-09,8863,82,635,6.53,4,False,8863
u03,2026-03-10,5290,60,613,3.59,18,True,5290
u03,2026-03-11,5751,44,686,4.08,19,False,5751
u03,2026-03-12,7097,68,659,5.27,9,False,7097
u03,2026-03-13,6859,63,661,5.29,3,False,6859
u03,2026-03-14,5978,54,654,4.66,9,False,5978
u03,2026-03-15,6189,59,636,4.93,4,False,6189
u03,2026-03-16,7132,67,643,5.35,16,False,7132
u03,2026-03-17,7614,73,643,5.69,6,False,7614
u03,2026-03-18,5732,51,700,4.3,18,False,5732
u03,2026-03-19,7024,58,645,5.3,6,True,7024
u03,2026-03-20,6390,59,692,4.66,6,False,6390
u03,2026-03-21,6457,62,641,4.74,14,False,6457
u03,2026-03-22,6160,57,659,4.46,14,False,6160
u03,2026-03-23,6345,55,645,4.79,11,False,6345
u03,2026-03-24,7529,74,649,5.66,17,False,7529
u03,2026-03-25,7439,66,642,5.39,3,False,7439
u03,2026-03-26,10923,94,620,8.28,17,False,10923
u03,2026-03-27,9883,87,635,6.81,14,True,9883
u03,2026-03-28,9121,81,610,6.39,10,True,9121
u03,2026-03-29,7887,69,669,5.82,7,False,7887
u03,2026-03-30,6222,56,673,5.08,17,False,6222
u03,2026-03-31,4929,49,690,3.63,18,True,4929
u03,2026-04-01,3796,35,671,2.85,9,True,3796
u03,2026-04-02,5802,45,695,3.89,5,False,5802
u03,2026-04-03,6558,58,685,4.92,5,False,6558
u03,2026-04-04,4693,41,682,3.44,2,False,4693
u03,2026-04-05,7262,61,631,5.81,13,False,7262
u03,2026-04-06,4505,41,690,3.23,4,False,4505
u03,2026-04-07,4168,50,688,3.12,15,False,4168
u03,2026-04-08,6649,48,675,4.77,8,False,6649
u03,2026-04-09,4844,39,679,3.88,7,False,4844
u03,2026-04-10,7842,75,620,5.52,15,False,7842
u03,2026-04-11,6158,51,660,4.89,7,False,6158
u03,2026-04-12,6135,49,675,4.73,9,False,6135
u03,2026-04-13,4304,28,661,3.16,9,False,4304
u03,2026-04-14,7347,72,657,5.56,2,False,7347
u03,2026-04-15,6616,57,645,5.28,15,False,6616
u03,2026-04-16,7382,74,619,5.28,12,False,7382
u03,2026-04-17,7477,78,659,5.72,10,False,7477
u03,2026-04-18,7942,70,671,5.79,6,False,7942
u03,2026-04-19,7695,72,671,5.93,13,False,7695
u03,2026-04-20,6180,55,647,4.58,17,True,6180
u03,2026-04-21,9887,90,623,7.61,19,False,9887
u03,2026-04-22,8310,73,652,6.15,6,False,8310
u03,2026-04-23,9509,83,653,7.05,5,False,9509
u03,2026-04-24,7216,57,685,5.04,15,False,7216
u03,2026-04-25,7289,66,686,5.62,9,False,7289
u03,2026-04-26,7617,73,624,5.69,11,False,7617
u03,2026-04-27,7247,71,621,5.54,5,False,7247
u03,2026-04-28,8651,78,635,6.37,4,False,8651
u03,2026-04-29,8420,71,631,6.45,14,False,8420
u03,2026-04-30,7241,73,643,5.46,3,True,7241
u03,2026-05-01,7681,66,641,5.74,4,False,7681
u03,2026-05-02,4636,54,668,3.5,7,False,4636
u03,2026-05-03,8225,74,636,6.02,14,False,8225
u03,2026-05-04,8848,76,636,6.61,10,False,8848
u03,2026-05-05,7287,68,692,5.58,9,False,7287
u03,2026-05-06,9573,88,646,7.16,3,False,9573
u03,2026-05-07,9543,85,657,7.25,6,False,9543
u03,2026-05-08,5106,39,670,4.08,16,False,5106
u03,2026-05-09,6688,66,636,4.97,6,False,6688
u03,2026-05-10,8819,68,626,6.48,9,True,8819
u03,2026-05-11,4718,39,692,3.68,3,False,4718
u03,2026-05-12,3822,35,703,3.12,18,False,3822
u03,2026-05-13,5839,54,641,4.27,8,False,5839
u03,2026-05-14,6376,63,668,4.41,12,False,6376
u03,2026-05-15,7494,70,653,5.83,6,False,7494
u03,2026-05-16,7975,71,657,6.41,9,True,7975
u03,2026-05-17,8731,83,668,6.36,2,False,8731
u03,2026-05-18,5972,52,694,4.14,4,False,5972
u03,2026-05-19,7257,65,650,5.49,13,False,7257
u03,2026-05-20,7024,67,652,5.36,3,False,7024
u03,2026-05-21,5132,47,713,4.0,10,False,5132
u03,2026-05-22,7255,67,642,5.11,7,True,7255
u03,2026-05-23,6375,43,702,4.82,10,False,6375
u03,2026-05-24,5167,48,704,3.89,17,False,5167
u03,2026-05-25,6591,58,660,4.93,3,True,6591
u03,2026-05-26,8815,82,631,6.57,16,False,8815
u03,2026-05-27,5523,45,690,3.57,12,False,5523
u03,2026-05-28,4455,40,679,3.32,15,True,4455
u03,2026-05-29,5569,45,686,4.23,13,False,5569
u03,2026-05-30,6605,57,684,4.73,4,False,6605
u03,2026-05-31,7441,74,683,5.47,9,False,7441
u03,2026-06-01,9168,92,615,6.77,10,False,9168
u03,2026-06-02,6344,54,665,4.66,13,False,6344
u03,2026-06-03,8483,81,640,5.92,17,False,8483
u03,2026-06-04,6964,56,657,5.1,9,False,6964
u03,2026-06-05,4978,44,697,3.45,5,False,4978
u04,2026-02-14,7160,60,685,5.51,16,False,7160
u04,2026-02-15,8537,77,634,6.42,2,False,8537
u04,2026-02-16,3151,28,686,2.27,3,False,3151
u04,2026-02-17,6204,57,678,4.92,5,False,6204
u04,2026-02-18,6177,51,674,4.55,17,False,6177
u04,2026-02-19,6486,54,665,4.56,13,True,6486
u04,2026-02-20,5473,46,683,4.28,12,False,5473
u04,2026-02-21,7318,54,692,5.52,4,False,7318
u04,2026-02-22,6470,62,647,5.15,11,False,6470
u04,2026-02-23,6744,57,664,5.08,15,False,6744
u04,2026-02-24,8951,80,619,6.71,11,False,8951
u04,2026-02-25,7681,74,621,5.46,15,False,7681
u04,2026-02-26,7019,64,684,5.26,17,True,7019
u04,2026-02-27,5143,47,670,4.2,16,False,5143
u04,2026-02-28,7181,60,658,5.46,4,False,7181
u04,2026-03-01,8721,81,599,6.49,8,False,8721
u04,2026-03-02,4963,44,709,3.58,18,False,4963
u04,2026-03-03,9713,88,602,7.19,3,False,9713
u04,2026-03-04,6553,64,666,4.89,8,False,6553
u04,2026-03-05,8701,78,643,6.51,13,False,8701
u04,2026-03-06,8308,68,654,6.16,3,False,8308
u04,2026-03-07,8492,81,604,6.36,2,False,8492
u04,2026-03-08,6791,61,654,5.07,7,False,6791
u04,2026-03-09,4753,48,671,3.72,18,False,4753
u04,2026-03-10,7923,73,667,6.15,14,False,7923
u04,2026-03-11,7154,63,659,5.19,10,False,7154
u04,2026-03-12,4359,43,685,3.09,14,False,4359
u04,2026-03-13,5220,54,658,3.76,11,False,5220
u04,2026-03-14,7084,62,681,4.85,19,False,7084
u04,2026-03-15,9457,80,627,7.4,16,False,9457
u04,2026-03-16,5949,60,673,4.52,13,False,5949
u04,2026-03-17,5977,54,675,4.52,17,False,5977
u04,2026-03-18,6329,55,667,4.84,6,False,6329
u04,2026-03-19,5111,41,686,3.8,4,False,5111
u04,2026-03-20,6323,62,665,4.73,12,False,6323
u04,2026-03-21,4795,38,682,3.42,7,False,4795
u04,2026-03-22,5994,55,679,4.54,10,True,5994
u04,2026-03-23,7923,70,648,6.12,14,False,7923
u04,2026-03-24,8786,78,649,6.23,16,False,8786
u04,2026-03-25,6295,65,655,4.6,9,False,6295
u04,2026-03-26,7156,69,615,5.15,12,False,7156
u04,2026-03-27,6400,58,622,4.99,19,False,6400
u04,2026-03-28,8361,69,669,6.2,7,False,8361
u04,2026-03-29,8440,75,661,6.36,6,False,8440
u04,2026-03-30,5431,53,660,3.83,13,False,5431
u04,2026-03-31,3380,37,701,2.31,18,False,3380
u04,2026-04-01,7703,75,647,6.06,8,False,7703
u04,2026-04-02,8320,78,645,6.11,13,False,8320
u04,2026-04-03,8403,84,669,6.69,14,False,8403
u04,2026-04-04,9635,79,637,7.35,19,False,9635
u04,2026-04-05,8963,84,634,6.65,9,False,8963
u04,2026-04-06,6886,64,647,5.24,9,False,6886
u04,2026-04-07,5991,59,653,4.65,13,False,5991
u04,2026-04-08,5948,58,680,4.43,15,False,5948
u04,2026-04-09,5504,56,666,3.98,7,False,5504
u04,2026-04-10,6805,64,649,5.0,3,False,6805
u04,2026-04-11,7490,67,633,5.79,5,False,7490
u04,2026-04-12,10193,97,599,7.54,11,False,10193
u04,2026-04-13,9275,83,658,6.99,19,False,9275
u04,2026-04-14,6857,61,664,5.36,11,False,6857
u04,2026-04-15,8458,70,618,6.2,12,False,8458
u04,2026-04-16,6141,54,649,4.59,13,False,6141
u04,2026-04-17,7466,70,647,5.9,11,False,7466
u04,2026-04-18,6889,65,621,5.18,11,False,6889
u04,2026-04-19,4353,47,646,3.47,4,False,4353
u04,2026-04-20,3466,28,672,2.8,3,False,3466
u04,2026-04-21,5591,43,663,4.27,18,False,5591
u04,2026-04-22,6852,56,695,5.32,18,False,6852
u04,2026-04-23,7063,62,690,5.25,16,False,7063
u04,2026-04-24,5779,56,692,4.42,12,False,5779
u04,2026-04-25,7265,59,659,5.4,18,False,7265
u04,2026-04-26,6562,61,670,4.59,17,True,6562
u04,2026-04-27,6116,53,659,4.6,11,False,6116
u04,2026-04-28,7952,71,640,5.82,12,False,7952
u04,2026-04-29,8305,70,683,5.87,7,False,8305
u04,2026-04-30,6802,55,672,5.03,6,False,6802
u04,2026-05-01,10477,94,610,7.45,2,True,10477
u04,2026-05-02,10088,96,594,7.59,18,False,10088
u04,2026-05-03,8111,65,631,6.07,16,False,8111
u04,2026-05-04,7685,72,645,5.94,6,False,7685
u04,2026-05-05,7740,77,608,5.54,10,False,7740
u04,2026-05-06,6237,61,632,4.64,8,False,6237
u04,2026-05-07,11067,98,639,8.4,5,False,11067
u04,2026-05-08,8971,84,647,6.9,10,False,8971
u04,2026-05-09,7280,68,649,5.27,3,False,7280
u04,2026-05-10,6227,59,670,4.7,12,False,6227
u04,2026-05-11,7614,67,640,5.89,2,False,7614
u04,2026-05-12,8430,77,664,6.56,11,False,8430
u04,2026-05-13,4685,42,697,3.3,12,False,4685
u04,2026-05-14,6807,62,689,5.2,14,False,6807
u04,2026-05-15,7474,63,652,5.47,8,False,7474
u04,2026-05-16,6237,51,674,4.59,9,False,6237
u04,2026-05-17,7472,67,664,5.82,18,False,7472
u04,2026-05-18,8485,77,638,6.32,2,False,8485
u04,2026-05-19,6081,57,677,4.35,7,False,6081
u04,2026-05-20,5837,59,653,4.42,14,False,5837
u04,2026-05-21,8426,71,678,6.46,9,False,8426
u04,2026-05-22,6720,62,643,5.05,4,False,6720
u04,2026-05-23,8042,71,637,6.02,19,False,8042
u04,2026-05-24,7560,70,654,5.82,3,False,7560
u04,2026-05-25,7078,68,688,5.35,5,False,7078
u04,2026-05-26,8872,81,652,6.44,12,False,8872
u04,2026-05-27,9613,86,618,6.85,3,False,9613
u04,2026-05-28,8818,84,610,6.38,19,False,8818
u04,2026-05-29,7638,75,644,5.44,3,False,7638
u04,2026-05-30,7743,69,651,5.56,4,False,7743
u04,2026-05-31,5217,49,678,3.88,16,False,5217
u04,2026-06-01,6756,59,690,4.93,19,True,6756
u04,2026-06-02,6182,58,610,4.39,11,False,6182
u04,2026-06-03,4976,42,709,3.65,4,False,4976
u04,2026-06-04,5311,51,680,3.91,19,False,5311
u04,2026-06-05,8992,83,668,6.67,17,False,8992
u05,2026-02-14,9028,89,687,6.73,13,False,9028
u05,2026-02-15,9256,91,636,7.12,2,False,9256
u05,2026-02-16,7525,70,652,5.68,2,False,7525
u05,2026-02-17,9235,84,649,6.64,19,False,9235
u05,2026-02-18,10032,86,645,7.29,8,False,10032
u05,2026-02-19,8221,66,659,6.6,8,False,8221
u05,2026-02-20,8215,83,644,6.07,18,False,8215
u05,2026-02-21,10788,96,629,8.26,16,False,10788
u05,2026-02-22,7743,65,667,5.86,12,False,7743
u05,2026-02-23,8453,81,675,6.56,7,False,8453
u05,2026-02-24,9608,75,683,7.36,17,True,9608
u05,2026-02-25,11219,90,641,8.1,2,False,11219
u05,2026-02-26,8825,73,647,6.67,19,False,8825
u05,2026-02-27,6520,51,675,4.66,3,False,6520
u05,2026-02-28,10775,87,639,8.17,12,False,10775
u05,2026-03-01,7983,71,646,5.7,19,False,7983
u05,2026-03-02,8003,76,650,5.89,10,False,8003
u05,2026-03-03,7211,63,657,5.61,7,False,7211
u05,2026-03-04,7115,78,654,5.81,14,False,7115
u05,2026-03-05,8966,78,642,6.68,11,False,8966
u05,2026-03-06,9618,90,623,7.21,6,False,9618
u05,2026-03-07,9331,83,630,6.98,2,False,9331
u05,2026-03-08,9995,95,604,8.02,10,False,9995
u05,2026-03-09,8412,82,644,6.13,3,False,8412
u05,2026-03-10,10210,92,619,7.29,9,False,10210
u05,2026-03-11,12000,114,620,9.29,12,False,12000
u05,2026-03-12,7731,66,621,5.44,4,False,7731
u05,2026-03-13,8793,85,620,6.67,15,False,8793
u05,2026-03-14,7118,62,615,5.26,10,False,7118
u05,2026-03-15,7887,72,666,5.91,19,False,7887
u05,2026-03-16,10402,94,623,7.6,18,False,10402
u05,2026-03-17,10559,92,621,8.18,12,False,10559
u05,2026-03-18,8916,74,652,6.76,6,False,8916
u05,2026-03-19,10413,98,647,7.77,10,False,10413
u05,2026-03-20,10049,89,644,7.49,15,False,10049
u05,2026-03-21,8373,69,660,6.05,12,False,8373
u05,2026-03-22,10051,95,613,7.67,16,False,10051
u05,2026-03-23,9009,84,642,6.7,8,False,9009
u05,2026-03-24,8251,74,643,6.26,10,True,8251
u05,2026-03-25,8988,84,642,6.72,6,False,8988
u05,2026-03-26,9265,92,652,6.94,18,True,9265
u05,2026-03-27,7552,66,648,5.8,12,False,7552
u05,2026-03-28,8078,66,631,6.24,10,False,8078
u05,2026-03-29,11255,106,590,8.07,19,False,11255
u05,2026-03-30,9149,74,637,6.43,11,True,9149
u05,2026-03-31,10230,89,613,8.07,15,False,10230
u05,2026-04-01,8395,75,627,6.51,11,False,8395
u05,2026-04-02,6304,46,667,4.68,2,False,6304
u05,2026-04-03,6744,64,649,5.24,3,False,6744
u05,2026-04-04,7908,74,610,5.55,16,False,7908
u05,2026-04-05,8637,70,643,6.65,3,True,8637
u05,2026-04-06,9205,87,652,6.9,14,False,9205
u05,2026-04-07,8441,73,644,6.22,3,False,8441
u05,2026-04-08,11419,91,651,8.27,4,False,11419
u05,2026-04-09,10117,93,594,7.96,2,True,10117
u05,2026-04-10,8694,84,627,6.29,5,False,8694
u05,2026-04-11,7744,81,610,5.8,16,False,7744
u05,2026-04-12,10917,100,603,8.63,9,False,10917
u05,2026-04-13,10184,102,579,7.45,7,False,10184
u05,2026-04-14,11353,112,621,8.28,12,False,11353
u05,2026-04-15,9298,76,626,7.14,9,False,9298
u05,2026-04-16,11120,100,598,8.32,12,False,11120
u05,2026-04-17,11346,104,603,8.41,14,False,11346
u05,2026-04-18,8453,81,624,6.58,11,False,8453
u05,2026-04-19,8226,76,646,6.29,6,False,8226
u05,2026-04-20,9061,78,653,7.17,5,False,9061
u05,2026-04-21,7407,70,646,5.72,2,False,7407
u05,2026-04-22,6181,63,677,4.92,15,False,6181
u05,2026-04-23,9885,92,613,7.25,19,False,9885
u05,2026-04-24,7831,64,650,5.98,18,False,7831
u05,2026-04-25,9655,89,598,7.46,18,False,9655
u05,2026-04-26,8349,74,624,6.13,18,False,8349
u05,2026-04-27,8474,71,692,6.46,12,False,8474
u05,2026-04-28,9495,89,612,7.1,10,False,9495
u05,2026-04-29,8181,71,643,6.34,11,False,8181
u05,2026-04-30,8457,72,635,6.4,11,False,8457
u05,2026-05-01,7554,58,661,5.36,7,False,7554
u05,2026-05-02,9115,74,629,6.92,15,False,9115
u05,2026-05-03,9527,88,610,7.16,4,False,9527
u05,2026-05-04,9614,88,641,7.19,10,False,9614
u05,2026-05-05,10504,101,597,7.97,6,False,10504
u05,2026-05-06,9285,88,660,7.11,15,True,9285
u05,2026-05-07,10299,91,626,7.79,4,False,10299
u05,2026-05-08,8454,75,633,6.61,4,False,8454
u05,2026-05-09,10012,99,600,7.91,11,False,10012
u05,2026-05-10,8233,80,632,6.05,6,True,8233
u05,2026-05-11,8722,74,637,6.34,16,False,8722
u05,2026-05-12,9082,82,642,6.76,4,False,9082
u05,2026-05-13,9473,79,619,7.22,15,False,9473
u05,2026-05-14,9703,82,636,7.23,13,False,9703
u05,2026-05-15,6073,60,658,4.67,12,False,6073
u05,2026-05-16,9233,77,638,7.17,11,False,9233
u05,2026-05-17,9011,75,640,6.59,10,False,9011
u05,2026-05-18,7921,76,618,5.91,14,False,7921
u05,2026-05-19,8884,81,612,7.01,12,False,8884
u05,2026-05-20,8145,73,593,6.15,9,False,8145
u05,2026-05-21,12299,115,588,9.11,7,False,12299
u05,2026-05-22,12456,106,623,9.47,19,False,12456
u05,2026-05-23,10281,95,618,7.68,4,False,10281
u05,2026-05-24,12110,113,606,8.81,12,False,12110
u05,2026-05-25,8401,76,645,6.44,12,False,8401
u05,2026-05-26,6761,66,648,4.56,5,False,6761
u05,2026-05-27,9960,91,604,7.78,5,True,9960
u05,2026-05-28,8067,81,595,6.19,8,True,8067
u05,2026-05-29,9368,83,644,7.07,3,False,9368
u05,2026-05-30,10640,103,622,7.6,3,False,10640
u05,2026-05-31,10793,101,609,8.21,11,False,10793
u05,2026-06-01,8303,72,645,6.02,8,False,8303
u05,2026-06-02,7976,77,634,6.17,16,False,7976
u05,2026-06-03,8814,74,661,6.5,19,False,8814
u05,2026-06-04,10117,93,635,7.81,2,False,10117
u05,2026-06-05,8044,67,654,6.17,5,False,8044
u06,2026-02-14,8429,71,641,6.21,9,False,8429
u06,2026-02-15,9541,88,640,7.18,16,False,9541
u06,2026-02-16,9486,92,616,6.99,6,False,9486
u06,2026-02-17,6721,61,684,4.9,2,False,6721
u06,2026-02-18,8694,77,637,6.58,7,False,8694
u06,2026-02-19,6485,58,661,4.96,3,False,6485
u06,2026-02-20,6283,56,679,5.22,12,False,6283
u06,2026-02-21,8618,72,642,6.46,8,False,8618
u06,2026-02-22,11033,100,619,8.4,17,False,11033
u06,2026-02-23,8806,78,634,6.67,5,False,8806
u06,2026-02-24,9298,86,670,6.97,16,False,9298
u06,2026-02-25,7169,60,661,5.0,9,False,7169
u06,2026-02-26,8754,80,647,6.85,3,False,8754
u06,2026-02-27,7822,71,655,5.95,17,False,7822
u06,2026-02-28,8950,77,647,6.89,18,False,8950
u06,2026-03-01,9527,81,621,7.1,18,False,9527
u06,2026-03-02,9100,90,623,6.85,7,False,9100
u06,2026-03-03,9209,88,640,6.46,17,False,9209
u06,2026-03-04,10521,93,634,7.77,15,False,10521
u06,2026-03-05,9955,90,559,7.3,6,True,9955
u06,2026-03-06,10099,92,671,7.74,14,False,10099
u06,2026-03-07,10653,95,579,7.88,8,False,10653
u06,2026-03-08,11770,110,609,8.77,16,False,11770
u06,2026-03-09,8355,70,626,6.55,12,False,8355
u06,2026-03-10,9013,80,617,6.52,12,False,9013
u06,2026-03-11,5903,55,648,4.3,16,False,5903
u06,2026-03-12,9281,83,662,7.07,9,True,9281
u06,2026-03-13,9852,88,634,7.15,17,False,9852
u06,2026-03-14,11742,108,616,8.59,2,False,11742
u06,2026-03-15,8482,83,698,6.6,5,False,8482
u06,2026-03-16,8142,82,644,5.74,17,False,8142
u06,2026-03-17,8900,79,626,6.28,2,False,8900
u06,2026-03-18,7516,67,661,5.61,14,False,7516
u06,2026-03-19,9672,88,620,7.44,4,False,9672
u06,2026-03-20,5624,59,642,4.12,13,False,5624
u06,2026-03-21,8767,79,659,6.42,11,True,8767
u06,2026-03-22,8792,82,668,6.71,13,False,8792
u06,2026-03-23,10089,99,595,7.7,18,False,10089
u06,2026-03-24,10723,105,603,8.11,13,False,10723
u06,2026-03-25,8620,79,639,6.62,9,False,8620
u06,2026-03-26,8835,81,646,6.25,4,False,8835
u06,2026-03-27,9047,88,635,6.79,4,False,9047
u06,2026-03-28,6807,66,671,5.22,10,False,6807
u06,2026-03-29,7049,69,605,5.56,15,False,7049
u06,2026-03-30,8019,68,624,6.25,3,False,8019
u06,2026-03-31,9933,102,570,7.35,5,False,9933
u06,2026-04-01,9788,80,662,7.2,4,False,9788
u06,2026-04-02,9102,88,640,6.76,16,False,9102
u06,2026-04-03,8349,69,628,6.29,5,False,8349
u06,2026-04-04,8271,79,639,6.03,11,False,8271
u06,2026-04-05,6605,67,701,5.11,19,False,6605
u06,2026-04-06,7732,67,674,5.82,14,False,7732
u06,2026-04-07,7402,64,643,5.31,15,False,7402
u06,2026-04-08,10286,89,609,7.83,9,False,10286
u06,2026-04-09,11215,97,624,8.12,11,False,11215
u06,2026-04-10,4274,40,724,3.13,4,False,4274
u06,2026-04-11,6319,60,642,4.36,13,False,6319
u06,2026-04-12,8596,85,643,6.29,15,False,8596
u06,2026-04-13,9445,95,617,7.09,4,False,9445
u06,2026-04-14,5865,55,659,3.87,17,False,5865
u06,2026-04-15,7141,66,649,5.43,18,False,7141
u06,2026-04-16,11166,102,596,8.35,18,False,11166
u06,2026-04-17,11968,115,601,9.29,12,False,11968
u06,2026-04-18,8103,78,604,6.08,15,False,8103
u06,2026-04-19,7251,64,608,5.28,7,False,7251
u06,2026-04-20,9675,94,643,7.37,4,False,9675
u06,2026-04-21,7030,80,653,5.22,15,False,7030
u06,2026-04-22,9839,87,632,7.37,4,False,9839
u06,2026-04-23,4553,50,654,3.27,18,False,4553
u06,2026-04-24,7833,69,624,6.13,13,False,7833
u06,2026-04-25,9484,87,583,7.09,6,False,9484
u06,2026-04-26,10259,89,621,8.16,4,False,10259
u06,2026-04-27,9189,81,596,6.54,2,False,9189
u06,2026-04-28,9513,84,639,6.87,12,False,9513
u06,2026-04-29,8862,77,598,6.71,19,False,8862
u06,2026-04-30,7621,68,658,5.44,7,False,7621
u06,2026-05-01,9843,83,595,7.6,4,False,9843
u06,2026-05-02,9258,81,623,6.7,5,False,9258
u06,2026-05-03,10175,95,618,7.7,19,False,10175
u06,2026-05-04,7790,67,651,6.05,5,False,7790
u06,2026-05-05,7475,74,661,5.56,11,False,7475
u06,2026-05-06,7119,68,654,5.3,6,False,7119
u06,2026-05-07,8860,94,617,6.48,11,False,8860
u06,2026-05-08,7825,76,635,5.86,14,False,7825
u06,2026-05-09,9263,85,672,6.99,6,False,9263
u06,2026-05-10,9696,86,632,7.32,4,False,9696
u06,2026-05-11,6500,58,644,4.7,2,False,6500
u06,2026-05-12,10199,91,608,7.62,7,False,10199
u06,2026-05-13,11345,106,575,8.31,9,False,11345
u06,2026-05-14,11322,98,580,8.53,13,False,11322
u06,2026-05-15,8513,87,647,6.57,10,False,8513
u06,2026-05-16,9907,100,617,7.47,4,True,9907
u06,2026-05-17,7614,69,646,5.63,13,False,7614
u06,2026-05-18,8791,78,635,6.13,3,False,8791
u06,2026-05-19,11749,106,609,8.99,2,False,11749
u06,2026-05-20,8202,76,611,6.14,4,False,8202
u06,2026-05-21,7913,78,620,5.62,16,False,7913
u06,2026-05-22,10945,98,611,8.1,15,False,10945
u06,2026-05-23,11140,101,630,8.23,9,False,11140
u06,2026-05-24,7533,71,647,5.64,4,False,7533
u06,2026-05-25,9300,101,627,7.24,9,False,9300
u06,2026-05-26,8388,75,645,6.3,8,False,8388
u06,2026-05-27,10983,89,628,8.36,18,False,10983
u06,2026-05-28,9334,88,625,6.96,3,False,9334
u06,2026-05-29,11189,100,639,8.27,12,False,11189
u06,2026-05-30,10431,91,647,7.98,13,False,10431
u06,2026-05-31,9176,89,644,6.71,17,False,9176
u06,2026-06-01,6813,56,659,4.61,17,False,6813
u06,2026-06-02,7667,61,652,5.58,11,False,7667
u06,2026-06-03,7859,76,658,5.86,12,False,7859
u06,2026-06-04,9597,88,614,6.8,12,False,9597
u06,2026-06-05,8295,61,669,6.25,10,False,8295
u07,2026-02-14,7725,72,667,5.8,19,False,7725
u07,2026-02-15,9521,76,662,7.2,19,False,9521
u07,2026-02-16,7852,79,629,5.85,5,False,7852
u07,2026-02-17,6302,51,647,4.76,6,False,6302
u07,2026-02-18,5894,65,645,4.12,4,False,5894
u07,2026-02-19,10123,93,623,7.19,5,False,10123
u07,2026-02-20,5714,51,695,4.32,7,False,5714
u07,2026-02-21,8962,84,654,6.73,15,True,8962
u07,2026-02-22,9195,80,678,7.23,14,False,9195
u07,2026-02-23,10301,98,646,7.69,5,False,10301
u07,2026-02-24,10230,89,629,7.6,19,False,10230
u07,2026-02-25,9432,87,616,7.09,7,False,9432
u07,2026-02-26,5664,55,609,4.21,3,False,5664
u07,2026-02-27,8807,89,597,6.61,5,True,8807
u07,2026-02-28,7161,63,682,5.23,16,False,7161
u07,2026-03-01,8109,79,659,6.24,6,False,8109
u07,2026-03-02,9146,80,614,6.86,19,False,9146
u07,2026-03-03,10157,92,583,7.43,6,False,10157
u07,2026-03-04,6872,68,646,5.12,15,True,6872
u07,2026-03-05,6142,61,670,4.88,8,False,6142
u07,2026-03-06,6530,60,651,4.68,12,False,6530
u07,2026-03-07,9308,82,642,6.84,8,False,9308
u07,2026-03-08,9941,88,655,7.52,12,False,9941
u07,2026-03-09,10521,97,606,8.15,10,False,10521
u07,2026-03-10,8656,83,630,6.61,10,False,8656
u07,2026-03-11,6205,65,639,4.41,10,False,6205
u07,2026-03-12,7028,64,657,5.32,9,False,7028
u07,2026-03-13,8662,77,632,6.73,11,False,8662
u07,2026-03-14,10343,99,602,7.76,14,False,10343
u07,2026-03-15,10574,91,610,8.3,18,False,10574
u07,2026-03-16,4418,45,651,3.57,17,False,4418
u07,2026-03-17,5025,46,708,3.85,15,False,5025
u07,2026-03-18,7111,65,653,5.66,17,False,7111
u07,2026-03-19,8436,73,629,6.0,2,False,8436
u07,2026-03-20,7328,63,674,5.61,3,False,7328
u07,2026-03-21,6746,60,656,4.96,2,False,6746
u07,2026-03-22,7702,70,658,5.74,2,False,7702
u07,2026-03-23,4584,48,658,3.34,13,False,4584
u07,2026-03-24,6505,64,649,5.0,17,False,6505
u07,2026-03-25,6097,49,708,4.8,13,True,6097
u07,2026-03-26,8164,80,679,5.72,5,False,8164
u07,2026-03-27,7397,75,643,5.27,2,False,7397
u07,2026-03-28,8180,71,635,5.96,17,False,8180
u07,2026-03-29,8926,83,659,6.63,11,False,8926
u07,2026-03-30,7125,64,629,5.67,17,False,7125
u07,2026-03-31,5927,54,681,4.38,18,False,5927
u07,2026-04-01,6386,53,679,4.46,13,False,6386
u07,2026-04-02,7318,58,690,5.55,2,False,7318
u07,2026-04-03,4455,39,698,3.06,8,False,4455
u07,2026-04-04,6289,53,679,4.94,6,False,6289
u07,2026-04-05,8448,73,673,6.18,14,False,8448
u07,2026-04-06,4911,46,726,3.48,3,False,4911
u07,2026-04-07,4487,49,669,3.09,3,False,4487
u07,2026-04-08,5153,49,692,4.26,11,False,5153
u07,2026-04-09,7983,67,605,5.89,16,False,7983
u07,2026-04-10,7449,69,681,5.93,18,False,7449
u07,2026-04-11,5020,46,660,3.78,2,False,5020
u07,2026-04-12,5752,52,666,4.21,16,False,5752
u07,2026-04-13,7496,65,658,5.64,19,False,7496
u07,2026-04-14,4372,40,639,2.96,5,False,4372
u07,2026-04-15,7605,65,677,5.56,4,False,7605
u07,2026-04-16,7731,71,678,5.91,5,False,7731
u07,2026-04-17,7027,68,662,5.33,17,False,7027
u07,2026-04-18,7989,75,640,6.07,7,False,7989
u07,2026-04-19,7618,72,669,5.93,11,True,7618
u07,2026-04-20,7453,79,633,5.64,8,False,7453
u07,2026-04-21,5835,56,654,4.24,6,False,5835
u07,2026-04-22,7610,65,676,5.81,7,False,7610
u07,2026-04-23,7620,69,649,5.72,16,False,7620
u07,2026-04-24,8149,68,651,5.96,10,False,8149
u07,2026-04-25,7596,70,650,5.76,7,False,7596
u07,2026-04-26,8884,79,631,6.9,9,False,8884
u07,2026-04-27,7140,53,654,5.48,3,True,7140
u07,2026-04-28,7970,66,657,6.11,7,False,7970
u07,2026-04-29,6070,52,678,4.22,18,False,6070
u07,2026-04-30,7787,74,630,5.94,18,False,7787
u07,2026-05-01,8420,83,640,6.39,9,False,8420
u07,2026-05-02,8292,80,627,6.49,11,False,8292
u07,2026-05-03,5794,47,621,4.32,16,False,5794
u07,2026-05-04,7600,69,653,6.05,15,False,7600
u07,2026-05-05,8377,74,650,6.31,16,False,8377
u07,2026-05-06,7487,62,679,5.74,13,True,7487
u07,2026-05-07,7229,66,674,5.33,2,False,7229
u07,2026-05-08,5469,50,670,4.0,18,False,5469
u07,2026-05-09,5670,60,647,4.48,4,False,5670
u07,2026-05-10,6547,57,672,4.77,6,False,6547
u07,2026-05-11,6561,62,660,5.05,13,False,6561
u07,2026-05-12,8625,77,594,6.29,19,False,8625
u07,2026-05-13,8253,75,631,6.02,3,False,8253
u07,2026-05-14,7777,77,646,6.03,7,False,7777
u07,2026-05-15,6660,56,630,5.01,12,False,6660
u07,2026-05-16,9287,85,614,6.96,5,True,9287
u07,2026-05-17,7647,68,668,5.5,15,False,7647
u07,2026-05-18,6606,64,666,4.87,10,False,6606
u07,2026-05-19,7422,70,635,5.83,7,False,7422
u07,2026-05-20,9869,93,645,7.65,7,False,9869
u07,2026-05-21,9144,87,659,7.41,8,False,9144
u07,2026-05-22,7592,75,679,5.38,14,False,7592
u07,2026-05-23,4702,37,677,3.4,18,False,4702
u07,2026-05-24,7555,77,665,5.56,6,False,7555
u07,2026-05-25,10734,102,661,7.58,8,False,10734
u07,2026-05-26,9310,83,620,6.86,13,False,9310
u07,2026-05-27,8298,75,621,6.11,9,False,8298
u07,2026-05-28,9236,73,666,7.29,4,False,9236
u07,2026-05-29,7491,70,668,5.47,12,False,7491
u07,2026-05-30,5640,56,690,3.95,4,False,5640
u07,2026-05-31,7169,64,648,5.31,10,False,7169
u07,2026-06-01,7936,73,638,6.15,10,False,7936
u07,2026-06-02,7741,80,608,5.99,8,False,7741
u07,2026-06-03,7907,72,653,5.79,17,False,7907
u07,2026-06-04,7948,71,675,5.84,14,False,7948
u07,2026-06-05,8262,78,659,6.33,3,False,8262
u08,2026-02-14,11615,114,564,8.62,9,False,11615
u08,2026-02-15,11987,107,604,8.81,19,False,11987
u08,2026-02-16,9286,88,632,6.68,5,False,9286
u08,2026-02-17,13843,117,614,10.61,5,False,13843
u08,2026-02-18,12721,117,600,9.37,8,False,12721
u08,2026-02-19,12602,123,597,9.38,12,False,12602
u08,2026-02-20,11399,112,602,8.36,2,False,11399
u08,2026-02-21,11946,104,625,8.84,10,False,11946
u08,2026-02-22,12521,112,614,9.85,14,False,12521
u08,2026-02-23,9419,81,661,7.04,5,False,9419
u08,2026-02-24,13867,128,638,10.37,19,False,13867
u08,2026-02-25,9436,84,634,6.96,17,False,9436
u08,2026-02-26,12414,109,571,9.27,12,False,12414
u08,2026-02-27,9998,94,634,7.22,18,False,9998
u08,2026-02-28,11597,106,600,8.86,2,False,11597
u08,2026-03-01,10474,90,675,7.91,5,False,10474
u08,2026-03-02,12309,112,602,8.99,4,False,12309
u08,2026-03-03,9605,91,619,7.54,15,False,9605
u08,2026-03-04,7534,66,656,5.37,12,False,7534
u08,2026-03-05,12811,118,602,9.46,16,False,12811
u08,2026-03-06,11880,104,622,8.62,18,False,11880
u08,2026-03-07,10332,92,650,7.46,7,False,10332
u08,2026-03-08,11579,114,619,8.99,16,False,11579
u08,2026-03-09,12155,115,614,8.96,9,False,12155
u08,2026-03-10,10541,99,633,7.84,14,False,10541
u08,2026-03-11,11177,106,585,8.46,15,False,11177
u08,2026-03-12,14255,122,609,10.56,19,False,14255
u08,2026-03-13,12767,102,619,9.2,15,False,12767
u08,2026-03-14,12086,104,625,9.34,19,False,12086
u08,2026-03-15,12967,116,627,9.8,19,False,12967
u08,2026-03-16,11835,107,607,8.92,12,False,11835
u08,2026-03-17,11070,108,611,8.48,12,False,11070
u08,2026-03-18,10655,89,635,7.8,11,False,10655
u08,2026-03-19,12091,111,588,9.18,5,False,12091
u08,2026-03-20,12163,116,612,9.31,2,False,12163
u08,2026-03-21,10724,91,611,7.76,10,False,10724
u08,2026-03-22,13475,125,610,9.8,14,False,13475
u08,2026-03-23,10252,89,614,7.92,13,False,10252
u08,2026-03-24,11313,103,616,8.22,12,False,11313
u08,2026-03-25,11167,108,599,8.43,15,False,11167
u08,2026-03-26,14506,133,590,10.96,7,False,14506
u08,2026-03-27,11617,97,619,8.67,13,False,11617
u08,2026-03-28,11629,96,628,8.62,17,True,11629
u08,2026-03-29,12436,115,624,9.26,10,False,12436
u08,2026-03-30,11124,112,622,8.48,16,False,11124
u08,2026-03-31,8762,82,661,6.29,5,False,8762
u08,2026-04-01,10495,95,632,7.8,16,True,10495
u08,2026-04-02,9914,94,637,7.42,10,False,9914
u08,2026-04-03,11537,106,568,8.47,7,True,11537
u08,2026-04-04,10636,91,624,8.06,7,False,10636
u08,2026-04-05,11623,108,628,8.68,16,True,11623
u08,2026-04-06,12435,114,603,9.17,14,False,12435
u08,2026-04-07,11815,112,609,9.15,3,False,11815
u08,2026-04-08,10879,90,606,8.04,15,False,10879
u08,2026-04-09,9977,82,599,7.56,7,False,9977
u08,2026-04-10,7803,71,616,6.14,7,False,7803
u08,2026-04-11,8699,75,628,6.58,17,False,8699
u08,2026-04-12,13153,120,615,9.98,8,False,13153
u08,2026-04-13,11297,101,617,8.5,3,False,11297
u08,2026-04-14,10018,96,600,7.76,16,True,10018
u08,2026-04-15,13574,118,628,9.94,12,False,13574
u08,2026-04-16,13667,123,611,10.02,13,False,13667
u08,2026-04-17,10785,95,620,8.11,8,False,10785
u08,2026-04-18,10073,100,629,7.51,8,False,10073
u08,2026-04-19,11896,116,598,8.86,13,False,11896
u08,2026-04-20,11476,111,584,8.31,4,True,11476
u08,2026-04-21,10201,93,653,7.8,9,False,10201
u08,2026-04-22,13151,116,615,9.76,18,False,13151
u08,2026-04-23,12829,118,592,9.83,13,False,12829
u08,2026-04-24,13343,116,609,10.33,16,False,13343
u08,2026-04-25,12984,117,622,9.87,19,False,12984
u08,2026-04-26,12655,118,594,9.47,10,False,12655
u08,2026-04-27,12547,121,596,9.54,6,False,12547
u08,2026-04-28,13963,129,607,10.22,13,False,13963
u08,2026-04-29,12394,116,619,9.26,9,False,12394
u08,2026-04-30,10400,93,656,7.93,2,False,10400
u08,2026-05-01,11730,105,595,8.67,18,False,11730
u08,2026-05-02,10250,100,618,7.7,3,False,10250
u08,2026-05-03,13183,121,605,9.67,3,False,13183
u08,2026-05-04,10038,95,595,7.74,8,False,10038
u08,2026-05-05,11970,109,591,9.07,8,False,11970
u08,2026-05-06,11579,101,604,8.53,3,False,11579
u08,2026-05-07,14073,124,577,10.81,13,False,14073
u08,2026-05-08,11670,108,602,9.04,16,False,11670
u08,2026-05-09,10056,83,603,7.53,16,False,10056
u08,2026-05-10,10374,97,646,7.84,4,False,10374
u08,2026-05-11,10503,97,620,7.81,13,False,10503
u08,2026-05-12,11932,104,635,9.53,15,False,11932
u08,2026-05-13,10691,91,634,7.74,8,False,10691
u08,2026-05-14,14276,131,598,10.87,16,False,14276
u08,2026-05-15,13430,120,614,9.93,8,False,13430
u08,2026-05-16,14248,122,590,10.74,5,False,14248
u08,2026-05-17,14207,134,575,10.47,9,False,14207
u08,2026-05-18,14291,134,585,10.69,16,False,14291
u08,2026-05-19,12161,107,603,9.02,10,False,12161
u08,2026-05-20,10446,92,594,7.66,13,False,10446
u08,2026-05-21,14123,119,570,10.95,17,False,14123
u08,2026-05-22,10823,101,662,8.36,19,False,10823
u08,2026-05-23,9850,82,637,7.46,12,False,9850
u08,2026-05-24,11169,103,589,8.09,14,False,11169
u08,2026-05-25,9725,81,634,7.31,17,True,9725
u08,2026-05-26,9483,94,590,7.6,10,False,9483
u08,2026-05-27,11919,111,605,8.91,12,False,11919
u08,2026-05-28,14070,128,578,10.75,16,True,14070
u08,2026-05-29,12144,109,596,8.94,6,False,12144
u08,2026-05-30,11924,114,609,9.12,8,False,11924
u08,2026-05-31,13212,118,586,9.91,19,False,13212
u08,2026-06-01,14276,133,584,10.91,17,False,14276
u08,2026-06-02,12712,117,610,9.15,8,False,12712
u08,2026-06-03,11694,99,593,8.89,7,False,11694
u08,2026-06-04,12223,115,601,9.12,4,False,12223
u08,2026-06-05,10576,101,621,7.73,18,False,10576
u09,2026-02-14,9171,82,640,6.84,17,False,9171
u09,2026-02-15,9402,87,627,7.37,13,False,9402
u09,2026-02-16,9812,87,593,7.81,16,False,9812
u09,2026-02-17,7910,77,632,5.64,3,False,7910
u09,2026-02-18,9495,82,622,7.35,8,False,9495
u09,2026-02-19,10973,98,640,8.13,13,False,10973
u09,2026-02-20,11917,92,624,8.97,4,False,11917
u09,2026-02-21,10218,93,626,7.82,11,False,10218
u09,2026-02-22,7279,74,658,5.63,18,False,7279
u09,2026-02-23,6782,69,635,5.0,7,False,6782
u09,2026-02-24,8814,82,649,6.52,17,False,8814
u09,2026-02-25,8526,77,633,6.34,17,False,8526
u09,2026-02-26,10338,102,653,8.06,16,False,10338
u09,2026-02-27,11176,99,594,8.51,9,False,11176
u09,2026-02-28,9240,87,636,6.78,11,False,9240
u09,2026-03-01,7183,68,645,5.0,13,False,7183
u09,2026-03-02,11082,91,598,8.43,2,False,11082
u09,2026-03-03,10188,86,665,7.65,11,False,10188
u09,2026-03-04,8481,84,671,6.31,16,True,8481
u09,2026-03-05,10175,97,624,7.9,19,False,10175
u09,2026-03-06,9566,90,610,6.97,16,False,9566
u09,2026-03-07,10099,97,632,7.26,8,False,10099
u09,2026-03-08,8027,72,630,6.17,2,False,8027
u09,2026-03-09,9222,85,664,6.63,6,False,9222
u09,2026-03-10,10520,99,613,7.73,16,False,10520
u09,2026-03-11,7076,63,662,5.35,17,False,7076
u09,2026-03-12,9246,84,623,6.73,18,False,9246
u09,2026-03-13,7812,67,675,5.78,16,True,7812
u09,2026-03-14,7461,72,653,5.57,3,False,7461
u09,2026-03-15,8884,75,643,6.54,6,False,8884
u09,2026-03-16,9926,84,622,7.12,19,False,9926
u09,2026-03-17,7632,68,640,5.78,18,False,7632
u09,2026-03-18,8145,76,635,6.26,6,False,8145
u09,2026-03-19,7989,82,627,6.03,8,False,7989
u09,2026-03-20,8774,77,641,6.77,17,False,8774
u09,2026-03-21,9354,89,624,7.18,8,False,9354
u09,2026-03-22,8054,72,652,6.33,9,False,8054
u09,2026-03-23,8167,84,648,5.9,14,False,8167
u09,2026-03-24,9609,84,654,7.28,19,False,9609
u09,2026-03-25,9904,97,623,7.33,18,False,9904
u09,2026-03-26,9162,77,622,6.61,13,False,9162
u09,2026-03-27,10078,89,600,7.21,16,False,10078
u09,2026-03-28,11739,98,634,8.7,2,False,11739
u09,2026-03-29,9022,83,655,6.64,16,False,9022
u09,2026-03-30,8932,78,635,6.59,15,False,8932
u09,2026-03-31,10136,94,646,7.59,15,False,10136
u09,2026-04-01,9199,82,626,6.74,13,False,9199
u09,2026-04-02,11301,109,626,8.51,10,False,11301
u09,2026-04-03,11456,102,616,8.65,3,False,11456
u09,2026-04-04,8544,82,621,6.46,17,False,8544
u09,2026-04-05,7229,65,683,5.45,9,False,7229
u09,2026-04-06,8145,73,638,5.97,7,False,8145
u09,2026-04-07,6876,70,663,4.97,14,False,6876
u09,2026-04-08,8938,81,602,6.5,9,False,8938
u09,2026-04-09,10643,94,625,7.78,8,False,10643
u09,2026-04-10,8827,89,624,6.77,13,False,8827
u09,2026-04-11,9257,90,686,6.92,9,False,9257
u09,2026-04-12,12219,106,633,9.23,17,False,12219
u09,2026-04-13,9303,99,627,6.69,13,False,9303
u09,2026-04-14,9290,84,654,7.36,16,False,9290
u09,2026-04-15,7786,79,662,5.81,16,False,7786
u09,2026-04-16,12650,117,574,9.37,19,True,12650
u09,2026-04-17,9356,84,659,7.11,12,False,9356
u09,2026-04-18,8961,92,623,6.87,16,True,8961
u09,2026-04-19,11227,105,637,8.23,11,False,11227
u09,2026-04-20,8916,81,660,6.47,6,False,8916
u09,2026-04-21,8358,72,649,6.2,2,False,8358
u09,2026-04-22,7838,70,640,6.01,10,False,7838
u09,2026-04-23,10123,93,644,7.84,9,False,10123
u09,2026-04-24,11472,102,593,8.6,14,False,11472
u09,2026-04-25,7074,64,640,5.47,13,False,7074
u09,2026-04-26,11050,112,636,8.54,12,False,11050
u09,2026-04-27,9070,87,628,6.98,2,False,9070
u09,2026-04-28,8023,64,651,5.93,5,False,8023
u09,2026-04-29,9126,84,614,7.04,3,True,9126
u09,2026-04-30,8091,71,652,6.44,7,False,8091
u09,2026-05-01,6819,68,654,5.19,16,False,6819
u09,2026-05-02,10916,97,591,7.94,2,False,10916
u09,2026-05-03,9119,81,627,6.81,12,False,9119
u09,2026-05-04,8438,80,655,6.33,11,False,8438
u09,2026-05-05,8275,79,626,6.57,6,False,8275
u09,2026-05-06,8426,79,635,6.04,13,False,8426
u09,2026-05-07,8153,71,650,5.94,12,False,8153
u09,2026-05-08,7451,73,673,5.47,6,False,7451
u09,2026-05-09,8693,71,692,6.61,7,False,8693
u09,2026-05-10,11846,99,610,8.86,12,True,11846
u09,2026-05-11,10359,93,604,7.97,4,False,10359
u09,2026-05-12,11333,97,652,8.51,15,False,11333
u09,2026-05-13,8249,77,628,5.72,8,False,8249
u09,2026-05-14,7304,59,633,5.59,14,False,7304
u09,2026-05-15,8217,70,657,6.31,6,False,8217
u09,2026-05-16,11996,112,582,8.91,5,False,11996
u09,2026-05-17,9593,85,674,6.94,12,False,9593
u09,2026-05-18,8285,74,669,6.12,17,False,8285
u09,2026-05-19,9649,88,646,7.14,11,False,9649
u09,2026-05-20,8492,80,634,6.41,14,False,8492
u09,2026-05-21,10068,85,634,7.37,12,False,10068
u09,2026-05-22,10627,101,610,7.85,9,False,10627
u09,2026-05-23,10477,91,625,7.49,13,False,10477
u09,2026-05-24,11456,98,631,9.05,10,False,11456
u09,2026-05-25,8376,81,594,6.34,13,False,8376
u09,2026-05-26,6362,47,679,4.93,12,False,6362
u09,2026-05-27,9318,87,643,7.13,15,False,9318
u09,2026-05-28,9984,94,638,7.64,5,False,9984
u09,2026-05-29,8297,80,643,6.37,6,False,8297
u09,2026-05-30,8255,76,662,6.14,11,False,8255
u09,2026-05-31,7851,67,632,5.95,2,False,7851
u09,2026-06-01,6959,65,616,5.24,18,False,6959
u09,2026-06-02,8748,83,647,6.78,4,False,8748
u09,2026-06-03,9268,88,645,6.9,14,False,9268
u09,2026-06-04,8142,75,649,6.09,7,True,8142
u09,2026-06-05,7878,72,649,5.46,19,False,7878
u10,2026-02-14,6017,50,633,4.51,11,False,6017
u10,2026-02-15,8593,70,633,6.76,6,True,8593
u10,2026-02-16,5572,46,679,4.3,11,False,5572
u10,2026-02-17,5891,49,675,4.19,10,False,5891
u10,2026-02-18,4933,45,680,3.96,12,False,4933
u10,2026-02-19,5752,55,633,4.54,7,False,5752
u10,2026-02-20,5683,46,665,3.89,9,False,5683
u10,2026-02-21,7812,70,652,5.81,11,False,7812
u10,2026-02-22,6647,59,634,5.42,3,False,6647
u10,2026-02-23,7626,68,658,5.51,4,False,7626
u10,2026-02-24,6558,69,657,5.0,4,False,6558
u10,2026-02-25,2818,27,686,1.9,4,False,2818
u10,2026-02-26,5571,49,699,4.13,12,False,5571
u10,2026-02-27,7198,66,683,5.86,18,False,7198
u10,2026-02-28,7787,66,698,5.91,5,False,7787
u10,2026-03-01,8299,76,635,6.39,9,False,8299
u10,2026-03-02,7091,53,680,5.64,18,False,7091
u10,2026-03-03,7922,66,639,5.94,4,False,7922
u10,2026-03-04,3085,37,692,2.59,17,False,3085
u10,2026-03-05,4622,40,724,3.7,5,False,4622
u10,2026-03-06,6722,56,703,4.92,9,False,6722
u10,2026-03-07,7582,63,630,5.81,19,False,7582
u10,2026-03-08,8021,76,645,6.1,14,False,8021
u10,2026-03-09,8507,78,654,6.41,6,False,8507
u10,2026-03-10,5890,55,653,4.5,12,False,5890
u10,2026-03-11,5926,64,646,4.68,3,False,5926
u10,2026-03-12,7033,64,655,5.03,13,False,7033
u10,2026-03-13,3770,32,678,2.77,11,True,3770
u10,2026-03-14,6771,62,678,5.14,12,False,6771
u10,2026-03-15,4689,44,639,3.65,15,False,4689
u10,2026-03-16,7621,74,642,5.93,15,False,7621
u10,2026-03-17,7069,68,618,5.22,3,False,7069
u10,2026-03-18,4888,36,698,3.67,13,False,4888
u10,2026-03-19,3335,37,658,2.99,10,False,3335
u10,2026-03-20,6340,58,676,4.98,14,False,6340
u10,2026-03-21,6608,60,681,5.01,7,False,6608
u10,2026-03-22,5971,47,652,4.12,12,False,5971
u10,2026-03-23,7011,66,715,5.46,18,False,7011
u10,2026-03-24,7235,72,629,5.41,5,False,7235
u10,2026-03-25,7554,69,658,5.59,9,False,7554
u10,2026-03-26,6636,50,640,4.99,13,False,6636
u10,2026-03-27,5073,49,667,3.97,12,True,5073
u10,2026-03-28,2445,23,712,1.76,13,False,2445
u10,2026-03-29,5759,48,684,3.9,16,False,5759
u10,2026-03-30,6288,53,634,4.7,3,False,6288
u10,2026-03-31,5340,47,668,4.17,14,False,5340
u10,2026-04-01,5544,47,671,4.05,8,False,5544
u10,2026-04-02,5538,51,672,3.99,6,False,5538
u10,2026-04-03,2901,28,682,2.15,14,False,2901
u10,2026-04-04,3338,22,725,2.27,12,False,3338
u10,2026-04-05,5793,55,611,4.55,5,False,5793
u10,2026-04-06,6272,64,642,4.84,7,False,6272
u10,2026-04-07,8401,68,672,6.46,19,False,8401
u10,2026-04-08,8777,83,600,7.03,19,False,8777
u10,2026-04-09,9503,85,630,6.92,16,False,9503
u10,2026-04-10,9993,90,646,7.24,4,False,9993
u10,2026-04-11,8840,78,659,6.47,13,False,8840
u10,2026-04-12,7973,79,625,5.71,2,False,7973
u10,2026-04-13,6884,59,658,5.03,10,False,6884
u10,2026-04-14,6848,63,634,5.11,10,False,6848
u10,2026-04-15,6464,56,645,5.12,12,False,6464
u10,2026-04-16,7422,71,676,5.27,19,False,7422
u10,2026-04-17,6174,55,696,4.52,16,True,6174
u10,2026-04-18,5382,47,663,4.04,13,False,5382
u10,2026-04-19,5884,52,645,4.36,10,False,5884
u10,2026-04-20,7907,68,661,5.54,13,False,7907
u10,2026-04-21,4417,37,712,3.38,13,False,4417
u10,2026-04-22,7334,65,638,5.56,7,False,7334
u10,2026-04-23,5599,50,660,4.46,13,False,5599
u10,2026-04-24,4887,39,682,3.74,6,True,4887
u10,2026-04-25,4289,42,702,3.38,3,True,4289
u10,2026-04-26,6681,64,707,5.09,13,False,6681
u10,2026-04-27,5935,51,693,4.14,2,False,5935
u10,2026-04-28,5335,54,651,3.98,8,False,5335
u10,2026-04-29,6887,64,631,5.29,15,False,6887
u10,2026-04-30,8900,78,704,6.66,4,False,8900
u10,2026-05-01,6126,57,653,4.23,17,False,6126
u10,2026-05-02,6090,52,688,4.96,13,False,6090
u10,2026-05-03,5649,52,663,4.03,5,True,5649
u10,2026-05-04,3955,40,665,2.71,13,False,3955
u10,2026-05-05,4453,43,663,3.04,13,False,4453
u10,2026-05-06,4452,30,711,3.12,6,True,4452
u10,2026-05-07,5837,51,709,3.9,12,False,5837
u10,2026-05-08,7321,75,674,5.62,2,False,7321
u10,2026-05-09,7927,80,653,5.83,17,False,7927
u10,2026-05-10,5835,54,649,4.39,8,False,5835
u10,2026-05-11,3915,33,663,2.79,11,False,3915
u10,2026-05-12,2266,21,706,1.71,12,False,2266
u10,2026-05-13,4595,41,715,3.31,9,False,4595
u10,2026-05-14,4711,42,684,3.7,8,False,4711
u10,2026-05-15,4682,31,686,3.59,6,False,4682
u10,2026-05-16,5149,44,665,4.05,18,False,5149
u10,2026-05-17,5082,50,635,3.88,8,False,5082
u10,2026-05-18,6100,56,621,4.7,5,False,6100
u10,2026-05-19,8040,73,651,6.0,10,False,8040
u10,2026-05-20,7028,59,663,5.07,11,True,7028
u10,2026-05-21,8227,76,616,5.89,13,False,8227
u10,2026-05-22,10398,98,646,8.05,19,False,10398
u10,2026-05-23,10092,83,608,7.37,13,False,10092
u10,2026-05-24,5106,53,713,3.71,2,False,5106
u10,2026-05-25,4737,55,647,3.75,4,False,4737
u10,2026-05-26,4280,28,719,3.14,2,False,4280
u10,2026-05-27,5040,48,636,3.52,12,False,5040
u10,2026-05-28,5716,56,634,4.16,3,False,5716
u10,2026-05-29,3808,33,672,2.83,10,False,3808
u10,2026-05-30,7357,69,659,5.64,8,False,7357
u10,2026-05-31,5016,49,676,3.83,7,False,5016
u10,2026-06-01,2068,19,688,1.8,10,False,2068
u10,2026-06-02,3702,40,690,2.85,3,False,3702
u10,2026-06-03,4244,32,675,3.11,9,False,4244
u10,2026-06-04,3403,27,694,2.51,8,False,3403
u10,2026-06-05,6757,61,648,4.91,11,True,6757
u11,2026-02-14,6055,54,658,4.62,10,False,6055
u11,2026-02-15,6287,61,670,4.7,14,False,6287
u11,2026-02-16,4740,47,670,3.82,14,False,4740
u11,2026-02-17,4762,43,694,3.78,8,False,4762
u11,2026-02-18,6930,64,715,5.4,8,False,6930
u11,2026-02-19,8439,73,653,6.46,7,False,8439
u11,2026-02-20,7617,69,651,5.78,18,False,7617
u11,2026-02-21,5339,50,682,4.03,11,False,5339
u11,2026-02-22,7140,69,639,5.19,2,False,7140
u11,2026-02-23,6560,57,644,4.89,17,False,6560
u11,2026-02-24,8099,66,657,5.8,11,False,8099
u11,2026-02-25,7352,60,646,5.47,12,False,7352
u11,2026-02-26,4573,37,712,3.49,14,False,4573
u11,2026-02-27,5144,50,681,4.04,8,False,5144
u11,2026-02-28,4731,48,692,3.46,11,False,4731
u11,2026-03-01,4242,32,710,3.66,10,False,4242
u11,2026-03-02,7052,63,645,5.12,3,False,7052
u11,2026-03-03,4973,40,676,4.03,14,False,4973
u11,2026-03-04,5342,50,635,4.48,14,False,5342
u11,2026-03-05,7624,59,642,5.57,19,False,7624
u11,2026-03-06,8255,83,638,6.53,3,False,8255
u11,2026-03-07,6360,64,654,4.44,5,False,6360
u11,2026-03-08,10916,98,616,8.12,11,False,10916
u11,2026-03-09,9518,90,642,7.33,8,False,9518
u11,2026-03-10,6966,58,654,5.15,9,False,6966
u11,2026-03-11,6395,49,707,4.51,2,False,6395
u11,2026-03-12,7105,66,641,5.55,6,False,7105
u11,2026-03-13,6764,65,673,4.97,12,False,6764
u11,2026-03-14,4928,54,639,3.63,3,False,4928
u11,2026-03-15,3822,29,671,2.98,19,False,3822
u11,2026-03-16,4225,36,687,3.0,14,True,4225
u11,2026-03-17,3073,30,680,2.53,12,False,3073
u11,2026-03-18,5575,40,686,4.5,2,False,5575
u11,2026-03-19,6567,60,649,5.04,8,False,6567
u11,2026-03-20,3909,40,668,3.22,7,False,3909
u11,2026-03-21,5693,50,671,4.46,9,False,5693
u11,2026-03-22,4055,35,651,3.22,9,False,4055
u11,2026-03-23,6654,59,664,5.29,9,False,6654
u11,2026-03-24,5284,49,655,4.08,7,False,5284
u11,2026-03-25,7137,68,640,5.44,4,False,7137
u11,2026-03-26,5934,60,679,4.4,11,False,5934
u11,2026-03-27,7308,59,616,5.42,16,False,7308
u11,2026-03-28,6561,56,689,5.18,15,False,6561
u11,2026-03-29,6241,57,650,4.86,15,False,6241
u11,2026-03-30,6775,69,623,5.27,11,False,6775
u11,2026-03-31,4660,48,701,3.23,8,False,4660
u11,2026-04-01,6459,60,668,4.92,10,False,6459
u11,2026-04-02,7502,66,635,5.42,11,False,7502
u11,2026-04-03,6350,52,661,4.88,18,False,6350
u11,2026-04-04,5275,49,633,3.96,7,False,5275
u11,2026-04-05,6277,51,638,4.94,12,False,6277
u11,2026-04-06,6089,49,667,4.67,13,False,6089
u11,2026-04-07,7301,63,644,5.43,4,False,7301
u11,2026-04-08,6884,64,640,5.32,9,True,6884
u11,2026-04-09,6541,58,634,4.79,2,False,6541
u11,2026-04-10,6583,61,693,5.09,14,False,6583
u11,2026-04-11,7626,70,663,5.36,4,False,7626
u11,2026-04-12,3296,23,702,2.45,3,False,3296
u11,2026-04-13,5723,53,665,4.46,14,True,5723
u11,2026-04-14,6785,58,650,4.95,13,False,6785
u11,2026-04-15,2875,30,681,1.99,11,False,2875
u11,2026-04-16,4447,36,684,3.22,11,False,4447
u11,2026-04-17,4579,37,718,3.44,15,False,4579
u11,2026-04-18,4245,44,673,3.06,5,False,4245
u11,2026-04-19,6028,60,630,4.85,2,False,6028
u11,2026-04-20,5835,60,629,4.36,18,False,5835
u11,2026-04-21,5339,46,655,3.82,18,False,5339
u11,2026-04-22,5977,44,709,4.77,4,False,5977
u11,2026-04-23,5727,55,668,4.22,10,False,5727
u11,2026-04-24,8464,70,651,6.36,11,False,8464
u11,2026-04-25,2121,21,708,1.57,7,False,2121
u11,2026-04-26,6138,54,663,4.6,9,False,6138
u11,2026-04-27,6558,67,662,5.17,12,False,6558
u11,2026-04-28,7556,79,629,5.57,7,False,7556
u11,2026-04-29,5582,49,661,4.1,8,False,5582
u11,2026-04-30,8892,87,652,6.92,4,False,8892
u11,2026-05-01,6117,53,659,4.44,11,False,6117
u11,2026-05-02,7601,66,617,5.82,11,False,7601
u11,2026-05-03,6631,56,672,5.08,7,False,6631
u11,2026-05-04,5984,51,668,4.8,8,False,5984
u11,2026-05-05,8205,74,674,6.14,6,False,8205
u11,2026-05-06,6106,66,642,4.34,15,False,6106
u11,2026-05-07,5103,47,698,3.99,6,False,5103
u11,2026-05-08,4255,42,679,3.17,7,False,4255
u11,2026-05-09,8604,80,638,6.27,18,False,8604
u11,2026-05-10,6563,62,646,4.91,10,False,6563
u11,2026-05-11,7348,72,672,5.67,5,False,7348
u11,2026-05-12,7199,65,661,5.31,16,False,7199
u11,2026-05-13,5494,50,663,3.99,11,False,5494
u11,2026-05-14,6067,53,619,4.63,8,False,6067
u11,2026-05-15,5120,42,662,3.83,13,False,5120
u11,2026-05-16,6708,64,640,5.07,10,False,6708
u11,2026-05-17,2617,22,700,2.16,2,False,2617
u11,2026-05-18,7095,65,642,5.27,6,False,7095
u11,2026-05-19,7315,72,658,5.21,16,False,7315
u11,2026-05-20,5881,51,700,4.82,17,False,5881
u11,2026-05-21,3720,37,670,2.88,3,False,3720
u11,2026-05-22,3499,36,690,2.1,5,False,3499
u11,2026-05-23,5323,50,649,4.15,9,True,5323
u11,2026-05-24,5211,50,683,3.95,4,False,5211
u11,2026-05-25,4580,37,696,3.42,5,False,4580
u11,2026-05-26,5339,47,684,4.01,7,False,5339
u11,2026-05-27,6556,59,657,5.2,16,False,6556
u11,2026-05-28,6907,61,617,5.57,6,False,6907
u11,2026-05-29,8134,79,648,6.4,3,False,8134
u11,2026-05-30,5870,49,643,4.01,17,False,5870
u11,2026-05-31,6457,59,652,4.54,9,True,6457
u11,2026-06-01,6789,66,659,5.09,10,False,6789
u11,2026-06-02,5340,60,661,4.22,6,False,5340
u11,2026-06-03,4570,36,688,3.38,15,False,4570
u11,2026-06-04,4510,46,711,3.56,3,False,4510
u11,2026-06-05,6950,69,666,5.06,2,False,6950
u12,2026-02-14,10225,93,648,7.42,17,False,10225
u12,2026-02-15,9599,89,612,7.34,9,False,9599
u12,2026-02-16,9176,85,592,6.72,14,False,9176
u12,2026-02-17,10510,100,610,8.12,13,False,10510
u12,2026-02-18,10821,101,619,7.97,4,False,10821
u12,2026-02-19,10293,91,674,7.36,7,False,10293
u12,2026-02-20,11390,98,614,8.67,10,False,11390
u12,2026-02-21,10594,95,630,8.12,17,False,10594
u12,2026-02-22,9937,82,606,7.34,9,True,9937
u12,2026-02-23,9994,93,635,7.13,15,False,9994
u12,2026-02-24,10965,93,598,8.31,18,False,10965
u12,2026-02-25,11141,99,604,8.56,10,False,11141
u12,2026-02-26,11861,111,622,8.77,5,False,11861
u12,2026-02-27,10191,102,614,7.25,7,False,10191
u12,2026-02-28,8913,93,630,6.45,11,False,8913
u12,2026-03-01,12080,117,593,9.1,19,False,12080
u12,2026-03-02,11546,104,637,8.76,18,False,11546
u12,2026-03-03,10113,93,646,7.53,16,False,10113
u12,2026-03-04,10625,96,632,7.91,6,False,10625
u12,2026-03-05,10855,100,651,8.05,10,False,10855
u12,2026-03-06,10848,97,649,8.25,14,False,10848
u12,2026-03-07,10800,99,617,8.18,9,False,10800
u12,2026-03-08,10451,94,591,7.75,18,False,10451
u12,2026-03-09,13281,124,601,9.98,13,False,13281
u12,2026-03-10,13584,126,573,10.25,9,False,13584
u12,2026-03-11,11150,103,614,8.39,2,False,11150
u12,2026-03-12,12447,107,610,9.18,2,False,12447
u12,2026-03-13,12067,102,602,9.19,9,False,12067
u12,2026-03-14,12350,111,586,9.37,9,False,12350
u12,2026-03-15,11171,94,619,8.51,7,False,11171
u12,2026-03-16,13334,122,594,9.55,9,True,13334
u12,2026-03-17,11887,112,605,8.81,3,False,11887
u12,2026-03-18,8068,75,630,6.09,2,False,8068
u12,2026-03-19,9727,82,607,7.26,6,False,9727
u12,2026-03-20,6279,50,691,4.51,12,False,6279
u12,2026-03-21,9095,75,673,6.49,12,False,9095
u12,2026-03-22,7404,70,634,5.52,15,False,7404
u12,2026-03-23,6494,64,637,5.08,16,False,6494
u12,2026-03-24,9125,91,636,7.16,11,False,9125
u12,2026-03-25,9383,88,617,7.03,8,True,9383
u12,2026-03-26,9956,87,652,7.62,10,False,9956
u12,2026-03-27,12443,118,631,9.31,8,False,12443
u12,2026-03-28,11334,102,643,8.39,16,False,11334
u12,2026-03-29,9824,85,622,6.91,19,False,9824
u12,2026-03-30,9758,88,657,7.47,4,True,9758
u12,2026-03-31,12799,112,633,9.22,18,False,12799
u12,2026-04-01,9223,87,627,6.81,13,False,9223
u12,2026-04-02,10240,98,615,7.74,13,False,10240
u12,2026-04-03,9420,85,612,6.81,7,False,9420
u12,2026-04-04,11364,100,626,8.8,10,False,11364
u12,2026-04-05,9647,82,677,6.85,8,False,9647
u12,2026-04-06,13023,120,584,9.53,2,False,13023
u12,2026-04-07,9224,82,638,6.97,19,False,9224
u12,2026-04-08,8907,76,658,6.32,3,False,8907
u12,2026-04-09,7007,58,688,5.36,2,True,7007
u12,2026-04-10,8610,76,625,6.46,14,False,8610
u12,2026-04-11,9449,77,621,7.04,8,False,9449
u12,2026-04-12,9220,89,650,7.12,3,False,9220
u12,2026-04-13,11573,106,593,8.61,7,False,11573
u12,2026-04-14,12773,114,602,9.63,16,False,12773
u12,2026-04-15,10342,100,619,7.42,7,False,10342
u12,2026-04-16,12667,121,611,9.16,14,False,12667
u12,2026-04-17,8978,82,645,6.61,12,True,8978
u12,2026-04-18,9640,92,629,7.24,14,False,9640
u12,2026-04-19,8441,75,661,6.44,10,False,8441
u12,2026-04-20,8531,79,650,6.37,4,False,8531
u12,2026-04-21,8574,82,643,6.74,7,False,8574
u12,2026-04-22,9632,81,634,7.35,7,True,9632
u12,2026-04-23,9683,86,638,7.28,6,False,9683
u12,2026-04-24,13423,126,599,10.13,3,False,13423
u12,2026-04-25,9299,85,653,6.76,11,False,9299
u12,2026-04-26,11991,103,616,9.2,7,False,11991
u12,2026-04-27,12487,114,589,9.04,18,False,12487
u12,2026-04-28,11569,96,632,8.63,18,False,11569
u12,2026-04-29,11073,97,625,8.32,7,False,11073
u12,2026-04-30,9572,85,620,7.01,10,False,9572
u12,2026-05-01,11556,109,617,8.81,18,False,11556
u12,2026-05-02,9532,87,610,7.0,16,False,9532
u12,2026-05-03,11231,97,612,8.47,2,False,11231
u12,2026-05-04,13003,113,607,9.56,5,False,13003
u12,2026-05-05,13212,117,629,10.1,13,False,13212
u12,2026-05-06,12862,120,603,9.59,4,False,12862
u12,2026-05-07,10831,90,628,8.28,17,False,10831
u12,2026-05-08,11245,106,621,8.57,11,False,11245
u12,2026-05-09,9898,88,638,7.36,6,False,9898
u12,2026-05-10,11020,102,617,8.01,10,False,11020
u12,2026-05-11,11338,98,609,8.64,5,False,11338
u12,2026-05-12,10678,93,611,7.79,9,False,10678
u12,2026-05-13,11450,97,626,8.64,15,False,11450
u12,2026-05-14,11406,101,603,8.35,13,False,11406
u12,2026-05-15,8769,79,650,6.98,4,False,8769
u12,2026-05-16,8884,72,618,6.76,5,False,8884
u12,2026-05-17,11315,105,622,8.68,14,False,11315
u12,2026-05-18,9446,81,652,7.14,15,False,9446
u12,2026-05-19,12795,115,585,9.34,7,False,12795
u12,2026-05-20,11332,105,612,8.46,7,False,11332
u12,2026-05-21,11058,101,621,8.17,17,False,11058
u12,2026-05-22,10666,99,614,8.19,9,False,10666
u12,2026-05-23,9436,91,666,7.55,14,False,9436
u12,2026-05-24,11832,106,645,8.54,13,True,11832
u12,2026-05-25,11554,105,609,8.59,6,False,11554
u12,2026-05-26,11499,111,620,8.41,8,False,11499
u12,2026-05-27,9609,87,614,7.6,12,False,9609
u12,2026-05-28,10274,95,636,7.93,5,False,10274
u12,2026-05-29,10198,83,640,7.2,11,False,10198
u12,2026-05-30,10760,98,631,7.64,16,False,10760
u12,2026-05-31,13558,120,611,9.91,7,False,13558
u12,2026-06-01,10416,89,635,7.93,17,False,10416
u12,2026-06-02,10745,100,615,8.08,15,False,10745
u12,2026-06-03,9674,81,662,7.33,15,False,9674
u12,2026-06-04,9237,85,596,7.17,2,False,9237
u12,2026-06-05,13076,118,589,9.46,6,True,13076
